Number_of_Riders,Number_of_Drivers,Location_Category,Customer_Loyalty_Status,Number_of_Past_Rides,Average_Ratings,Time_of_Booking,Vehicle_Type,Expected_Ride_Duration,Historical_Cost_of_Ride,Supply_Demand_Ratio,Is_Peak_Hour,Demand_Urgency,Customer_Segment,Cancellation_Risk_Index
90,45,Urban,silver,13,4.47,Night,Premium,90,284.25727302188227,0.5,0,0,1,Moderate Risk
58,39,Suburban,silver,72,4.06,Evening,Economy,43,173.87475274940766,0.6724137931034483,0,0,2,Moderate Risk
42,31,Rural,silver,0,3.99,Afternoon,Premium,76,329.7954689622466,0.7380952380952381,1,1,1,High Risk
89,28,Rural,regular,67,4.31,Afternoon,Premium,134,470.2012317513198,0.3146067415730337,1,1,2,Moderate Risk
78,22,Rural,regular,74,3.77,Afternoon,Economy,149,579.6814223640141,0.282051282051282,1,1,2,Moderate Risk
59,35,Urban,silver,83,3.51,Night,Economy,128,339.9553606047221,0.5932203389830508,0,0,2,Moderate Risk
93,43,Suburban,regular,44,4.41,Afternoon,Premium,16,104.06154127359152,0.4623655913978494,1,1,1,Moderate Risk
62,39,Rural,gold,83,3.59,Afternoon,Premium,47,235.81186355605,0.6290322580645161,1,1,2,Moderate Risk
79,14,Rural,silver,71,3.74,Evening,Economy,128,501.4125174833056,0.1772151898734177,0,0,2,Moderate Risk
42,6,Rural,silver,21,3.85,Night,Premium,128,398.9933645706103,0.1428571428571428,0,0,1,Moderate Risk
86,17,Urban,regular,99,4.69,Morning,Economy,167,669.2986264658781,0.1976744186046511,1,1,2,Low Risk
60,38,Rural,gold,15,4.14,Evening,Premium,144,414.9901047325251,0.6333333333333333,0,0,2,Moderate Risk
24,8,Rural,gold,50,4.12,Morning,Economy,164,490.41072171830416,0.3333333333333333,1,1,2,Moderate Risk
36,24,Suburban,silver,88,4.22,Night,Premium,83,296.24287599192223,0.6666666666666666,0,0,2,Moderate Risk
63,13,Rural,regular,74,4.95,Afternoon,Premium,102,327.0888648717375,0.2063492063492063,1,1,2,Low Risk
39,12,Urban,silver,30,4.51,Afternoon,Premium,140,445.1368684239125,0.3076923076923077,1,1,1,Low Risk
38,28,Rural,silver,35,3.93,Afternoon,Premium,54,244.5361718306458,0.7368421052631579,1,1,1,Moderate Risk
46,14,Suburban,silver,21,4.71,Afternoon,Economy,15,47.31430863361691,0.3043478260869565,1,1,1,Moderate Risk
33,7,Suburban,gold,49,4.31,Evening,Premium,22,129.8082629093964,0.2121212121212121,0,0,2,Moderate Risk
31,7,Suburban,silver,24,4.82,Evening,Premium,87,382.9481103198511,0.2258064516129032,0,0,1,Moderate Risk
96,45,Urban,regular,6,4.95,Afternoon,Premium,11,82.77279318243978,0.46875,1,1,0,Moderate Risk
22,11,Suburban,silver,79,4.48,Night,Economy,15,64.07117255500656,0.5,0,0,2,Moderate Risk
74,16,Rural,regular,6,3.97,Morning,Economy,139,390.6687658288554,0.2162162162162162,1,1,0,High Risk
24,12,Urban,regular,10,3.6,Evening,Premium,45,212.1665249737545,0.5,0,0,0,Moderate Risk
48,19,Suburban,gold,72,3.81,Night,Premium,65,235.65813370551408,0.3958333333333333,0,0,2,Moderate Risk
56,13,Rural,regular,36,4.81,Evening,Economy,162,406.5574980533908,0.2321428571428571,0,0,1,Low Risk
72,33,Rural,gold,66,4.39,Morning,Premium,30,182.4744270596517,0.4583333333333333,1,1,2,Moderate Risk
97,75,Urban,silver,76,4.7,Night,Economy,158,652.617297300081,0.7731958762886598,0,0,2,Low Risk
62,33,Suburban,regular,39,3.91,Evening,Premium,129,403.22709836941993,0.532258064516129,0,0,1,Moderate Risk
57,38,Suburban,silver,54,4.1,Night,Premium,131,537.7848594528473,0.6666666666666666,0,0,2,Moderate Risk
25,7,Suburban,silver,13,3.99,Morning,Premium,81,286.13145256368455,0.28,1,1,1,Moderate Risk
75,56,Suburban,gold,94,4.79,Evening,Premium,153,485.0546633356366,0.7466666666666667,0,0,2,Low Risk
39,9,Urban,gold,39,4.64,Afternoon,Premium,48,171.0859835160851,0.2307692307692307,1,1,2,Low Risk
35,24,Suburban,gold,73,3.76,Evening,Premium,105,485.8784537318511,0.6857142857142857,0,0,2,Moderate Risk
68,32,Suburban,regular,34,3.58,Morning,Economy,77,294.7328864777875,0.4705882352941176,1,1,1,Moderate Risk
96,43,Rural,silver,97,3.68,Morning,Premium,91,392.83872040801793,0.4479166666666667,1,1,2,Moderate Risk
28,11,Suburban,gold,52,4.33,Afternoon,Premium,94,456.1809467866996,0.3928571428571428,1,1,2,Moderate Risk
25,15,Rural,gold,65,4.88,Evening,Premium,101,502.5293207873477,0.6,0,0,2,Low Risk
28,6,Suburban,regular,2,4.29,Morning,Economy,89,244.21766165291973,0.2142857142857142,1,1,0,Moderate Risk
73,17,Rural,regular,14,4.81,Evening,Premium,170,634.7265312250814,0.2328767123287671,0,0,0,Moderate Risk
36,18,Urban,silver,88,3.73,Night,Premium,92,345.40676830595487,0.5,0,0,2,Moderate Risk
56,10,Urban,silver,55,4.5,Night,Economy,45,151.15212964816465,0.1785714285714285,0,0,2,Low Risk
97,81,Suburban,regular,52,4.56,Evening,Economy,125,530.7599938912294,0.8350515463917526,0,0,2,Low Risk
63,9,Rural,regular,89,3.87,Afternoon,Premium,166,482.85016419959805,0.1428571428571428,1,1,2,Moderate Risk
78,33,Urban,silver,35,4.46,Morning,Premium,116,355.9595074862448,0.4230769230769231,1,1,1,Moderate Risk
29,10,Suburban,regular,25,3.77,Afternoon,Economy,91,303.9609626071891,0.3448275862068966,1,1,1,Moderate Risk
73,33,Suburban,silver,60,3.88,Night,Premium,161,514.8771742414517,0.4520547945205479,0,0,2,Moderate Risk
94,29,Urban,regular,67,3.59,Evening,Premium,96,361.13235495172165,0.3085106382978723,0,0,2,Moderate Risk
54,28,Suburban,silver,83,4.49,Night,Economy,32,80.26246462184758,0.5185185185185185,0,0,2,Moderate Risk
67,6,Rural,gold,15,3.53,Night,Economy,123,420.6239113101238,0.0895522388059701,0,0,2,Moderate Risk
23,8,Urban,silver,27,4.73,Afternoon,Economy,117,520.8926706123274,0.3478260869565217,1,1,1,Moderate Risk
70,14,Urban,silver,16,4.3,Morning,Economy,53,183.07579104191225,0.2,1,1,1,Moderate Risk
20,10,Rural,silver,70,4.92,Evening,Economy,65,190.13746358777752,0.5,0,0,2,Low Risk
95,84,Suburban,gold,18,3.86,Afternoon,Premium,112,522.3021028701461,0.8842105263157894,1,1,2,Moderate Risk
43,16,Urban,silver,40,4.89,Night,Premium,106,410.6863449474928,0.3720930232558139,0,0,1,Low Risk
97,55,Suburban,silver,94,4.62,Evening,Premium,150,584.9958711291002,0.5670103092783505,0,0,2,Low Risk
32,20,Rural,silver,44,3.55,Night,Economy,68,301.62262644973293,0.625,0,0,1,Moderate Risk
95,25,Suburban,regular,72,4.16,Morning,Premium,128,413.5870840445325,0.2631578947368421,1,1,2,Moderate Risk
47,15,Urban,gold,14,4.84,Night,Economy,89,273.11810461931896,0.3191489361702128,0,0,2,Moderate Risk
25,11,Rural,silver,33,3.85,Night,Economy,94,247.1745626508575,0.44,0,0,1,Moderate Risk
37,22,Rural,regular,76,4.72,Afternoon,Economy,69,213.4432507972432,0.5945945945945946,1,1,2,Low Risk
59,39,Suburban,gold,49,3.78,Morning,Premium,98,295.79438015283176,0.6610169491525424,1,1,2,Moderate Risk
42,20,Urban,silver,88,4.64,Night,Premium,29,145.0698091748401,0.4761904761904761,0,0,2,Low Risk
53,11,Rural,regular,2,3.5,Afternoon,Premium,81,297.0186264188845,0.2075471698113207,1,1,0,High Risk
79,64,Rural,regular,91,4.57,Night,Economy,164,666.6870291344428,0.810126582278481,0,0,2,Low Risk
59,23,Urban,gold,41,4.97,Evening,Premium,91,449.5456339145253,0.3898305084745763,0,0,2,Low Risk
40,29,Urban,regular,72,4.3,Afternoon,Economy,147,624.9860100296204,0.725,1,1,2,Moderate Risk
76,40,Suburban,silver,77,4.17,Morning,Economy,28,96.03520851587072,0.5263157894736842,1,1,2,Moderate Risk
41,26,Urban,regular,96,3.91,Night,Economy,169,637.7593915947267,0.6341463414634146,0,0,2,Moderate Risk
83,14,Urban,regular,80,4.77,Night,Premium,64,295.5887110300315,0.1686746987951807,0,0,2,Low Risk
44,17,Rural,regular,15,4.0,Evening,Economy,98,353.33854512223814,0.3863636363636363,0,0,0,Moderate Risk
91,73,Urban,gold,61,4.39,Night,Economy,15,62.25429041832141,0.8021978021978022,0,0,2,Moderate Risk
54,16,Suburban,regular,8,4.5,Afternoon,Premium,67,266.0685899337195,0.2962962962962963,1,1,0,Moderate Risk
59,37,Rural,silver,86,4.67,Night,Premium,95,340.1282671016029,0.6271186440677966,0,0,2,Low Risk
72,43,Suburban,gold,28,4.87,Afternoon,Economy,132,443.258155352454,0.5972222222222222,1,1,2,Moderate Risk
47,9,Rural,gold,49,4.44,Evening,Economy,96,265.05527443495566,0.1914893617021276,0,0,2,Moderate Risk
32,22,Rural,silver,49,4.65,Night,Economy,60,221.4343854791753,0.6875,0,0,1,Low Risk
45,13,Rural,regular,96,4.84,Night,Economy,112,393.2308288248255,0.2888888888888888,0,0,2,Low Risk
72,45,Urban,silver,82,4.42,Night,Premium,40,151.58040412487964,0.625,0,0,2,Moderate Risk
56,15,Urban,gold,34,4.72,Night,Premium,78,313.9950046053331,0.2678571428571428,0,0,2,Low Risk
42,22,Rural,silver,67,3.81,Afternoon,Premium,82,366.1515260551269,0.5238095238095238,1,1,2,Moderate Risk
52,14,Suburban,silver,87,3.54,Afternoon,Premium,98,425.97356882411634,0.2692307692307692,1,1,2,Moderate Risk
81,23,Urban,gold,39,4.3,Evening,Economy,143,359.0531279855558,0.2839506172839506,0,0,2,Moderate Risk
77,25,Rural,regular,70,4.27,Afternoon,Premium,52,260.34417984860374,0.3246753246753247,1,1,2,Moderate Risk
27,6,Urban,gold,2,4.42,Night,Economy,86,320.30170917475425,0.2222222222222222,0,0,2,Moderate Risk
74,34,Rural,regular,18,4.66,Morning,Premium,140,454.49212153190336,0.4594594594594595,1,1,0,Moderate Risk
92,69,Urban,silver,88,4.69,Afternoon,Economy,18,45.11502370436019,0.75,1,1,2,Low Risk
77,34,Rural,gold,33,4.13,Night,Premium,48,223.6621142931812,0.4415584415584415,0,0,2,Moderate Risk
66,6,Rural,regular,23,4.2,Evening,Economy,45,173.1577542620492,0.0909090909090909,0,0,1,Moderate Risk
77,39,Urban,regular,23,4.29,Morning,Economy,167,592.240499627505,0.5064935064935064,1,1,1,Moderate Risk
35,16,Urban,regular,31,4.75,Afternoon,Premium,113,379.3078104185831,0.4571428571428571,1,1,1,Low Risk
48,38,Rural,gold,40,3.7,Evening,Premium,80,360.7111703191874,0.7916666666666666,0,0,2,Moderate Risk
61,18,Rural,gold,84,3.93,Evening,Premium,58,203.49261837786293,0.2950819672131147,0,0,2,Moderate Risk
71,21,Suburban,silver,82,4.88,Afternoon,Premium,126,553.5451307734787,0.2957746478873239,1,1,2,Low Risk
95,7,Rural,gold,40,4.68,Evening,Economy,95,283.46644254307614,0.0736842105263157,0,0,2,Low Risk
76,44,Suburban,gold,20,3.56,Afternoon,Premium,105,435.14534513079855,0.5789473684210527,1,1,2,Moderate Risk
32,13,Suburban,regular,21,4.64,Afternoon,Economy,156,685.7681264991488,0.40625,1,1,1,Moderate Risk
49,30,Rural,silver,57,4.83,Evening,Economy,154,630.8608868741742,0.6122448979591837,0,0,2,Low Risk
38,17,Urban,silver,92,4.41,Afternoon,Premium,138,546.1568747653598,0.4473684210526316,1,1,2,Moderate Risk
92,35,Suburban,regular,46,4.72,Morning,Economy,45,115.35700254441711,0.3804347826086957,1,1,1,Low Risk
40,29,Suburban,silver,26,4.26,Night,Economy,152,404.0498951423794,0.725,0,0,1,Moderate Risk
55,42,Suburban,silver,24,4.49,Afternoon,Economy,45,156.03832988580584,0.7636363636363637,1,1,1,Moderate Risk
58,34,Rural,gold,19,4.55,Morning,Premium,131,501.26295506529306,0.5862068965517241,1,1,2,Moderate Risk
34,5,Urban,regular,26,4.85,Evening,Premium,152,562.4369764527329,0.1470588235294117,0,0,1,Moderate Risk
70,47,Suburban,silver,3,3.66,Morning,Premium,53,216.8024750869831,0.6714285714285714,1,1,1,High Risk
51,24,Rural,gold,25,4.68,Afternoon,Premium,16,120.09069016935676,0.4705882352941176,1,1,2,Moderate Risk
88,56,Rural,regular,11,4.36,Afternoon,Economy,60,221.1576532597614,0.6363636363636364,1,1,0,Moderate Risk
25,8,Suburban,silver,83,3.53,Evening,Economy,121,492.7012709061221,0.32,0,0,2,Moderate Risk
34,19,Rural,regular,51,4.2,Night,Premium,166,754.2344800100251,0.5588235294117647,0,0,2,Moderate Risk
40,15,Urban,regular,90,3.62,Night,Premium,42,211.52772882563164,0.375,0,0,2,Moderate Risk
26,7,Suburban,gold,58,4.91,Afternoon,Economy,161,460.75927538572495,0.2692307692307692,1,1,2,Low Risk
81,42,Suburban,regular,88,4.14,Afternoon,Economy,47,164.10747354764283,0.5185185185185185,1,1,2,Moderate Risk
80,56,Suburban,gold,63,4.57,Night,Premium,43,213.6962129956236,0.7,0,0,2,Low Risk
64,19,Rural,gold,86,4.68,Night,Premium,171,732.9893961300692,0.296875,0,0,2,Low Risk
45,18,Rural,gold,68,4.07,Morning,Economy,136,350.6012026111729,0.4,1,1,2,Moderate Risk
84,49,Urban,regular,32,4.25,Night,Premium,53,192.8798062051633,0.5833333333333334,0,0,1,Moderate Risk
34,16,Urban,silver,47,4.12,Evening,Economy,93,294.11580585015537,0.4705882352941176,0,0,1,Moderate Risk
67,32,Suburban,regular,40,4.47,Afternoon,Premium,13,82.52418774801069,0.4776119402985074,1,1,1,Moderate Risk
93,23,Suburban,silver,34,4.23,Evening,Premium,125,386.169069413996,0.2473118279569892,0,0,1,Moderate Risk
100,51,Urban,silver,56,3.58,Night,Economy,89,310.9003272621974,0.51,0,0,2,Moderate Risk
35,22,Suburban,gold,15,4.23,Morning,Premium,120,373.96284065200393,0.6285714285714286,1,1,2,Moderate Risk
36,13,Rural,silver,31,4.71,Night,Economy,71,221.5511001313172,0.3611111111111111,0,0,1,Low Risk
28,18,Suburban,regular,100,3.7,Afternoon,Economy,127,531.1127009643968,0.6428571428571429,1,1,2,Moderate Risk
21,9,Urban,gold,10,3.88,Morning,Premium,108,324.9426389036563,0.4285714285714285,1,1,2,Moderate Risk
26,15,Urban,regular,35,5.0,Morning,Premium,161,493.4068923175674,0.5769230769230769,1,1,1,Low Risk
97,21,Suburban,regular,59,3.87,Evening,Premium,174,778.6333560141928,0.2164948453608247,0,0,2,Moderate Risk
26,15,Urban,silver,10,3.71,Morning,Premium,171,720.1572085631501,0.5769230769230769,1,1,1,Moderate Risk
91,56,Urban,gold,17,4.66,Night,Economy,10,38.23523523879646,0.6153846153846154,0,0,2,Moderate Risk
65,48,Rural,silver,12,4.37,Afternoon,Premium,140,573.5891064527985,0.7384615384615385,1,1,1,Moderate Risk
88,28,Urban,gold,22,4.99,Night,Premium,154,682.016246966075,0.3181818181818182,0,0,2,Moderate Risk
82,13,Suburban,gold,32,3.58,Night,Economy,148,516.4367273015673,0.1585365853658536,0,0,2,Moderate Risk
65,40,Urban,silver,48,3.59,Evening,Economy,121,492.5196024192815,0.6153846153846154,0,0,1,Moderate Risk
41,6,Urban,silver,56,4.32,Night,Economy,11,49.234784001519046,0.1463414634146341,0,0,2,Moderate Risk
85,36,Rural,silver,64,4.32,Evening,Economy,152,506.6928860981053,0.4235294117647059,0,0,2,Moderate Risk
35,13,Rural,silver,80,3.8,Afternoon,Economy,93,304.3133394836575,0.3714285714285714,1,1,2,Moderate Risk
83,29,Urban,silver,78,4.42,Afternoon,Premium,23,111.179341237614,0.3493975903614458,1,1,2,Moderate Risk
91,31,Urban,regular,12,4.39,Night,Economy,39,163.21458328772866,0.3406593406593406,0,0,0,Moderate Risk
44,28,Rural,regular,31,4.92,Night,Premium,132,402.856989480614,0.6363636363636364,0,0,1,Low Risk
96,12,Suburban,gold,15,4.97,Night,Economy,90,289.2351908680133,0.125,0,0,2,Moderate Risk
77,46,Suburban,regular,97,4.2,Afternoon,Premium,25,150.53929481479082,0.5974025974025974,1,1,2,Moderate Risk
91,80,Rural,gold,74,4.74,Night,Economy,46,194.93555934032696,0.8791208791208791,0,0,2,Low Risk
93,42,Rural,silver,75,4.66,Morning,Economy,160,674.6485035775572,0.4516129032258064,1,1,2,Low Risk
41,9,Rural,silver,73,3.51,Morning,Economy,150,551.5572340398235,0.2195121951219512,1,1,2,Moderate Risk
61,44,Suburban,regular,69,4.54,Afternoon,Economy,52,132.2147645898824,0.7213114754098361,1,1,2,Low Risk
83,10,Urban,gold,28,3.91,Afternoon,Economy,23,70.11182411078714,0.1204819277108433,1,1,2,Moderate Risk
59,22,Rural,regular,79,4.38,Morning,Premium,93,346.2847096470098,0.3728813559322034,1,1,2,Moderate Risk
42,31,Suburban,gold,62,4.95,Night,Premium,13,102.04473025177862,0.7380952380952381,0,0,2,Low Risk
81,16,Suburban,regular,73,4.89,Night,Economy,125,494.1401793052489,0.1975308641975308,0,0,2,Low Risk
72,19,Rural,gold,89,4.74,Morning,Premium,45,183.658314681842,0.2638888888888889,1,1,2,Low Risk
43,9,Rural,silver,2,4.12,Morning,Economy,126,436.5576476487414,0.2093023255813953,1,1,1,High Risk
74,33,Urban,silver,82,4.13,Afternoon,Economy,10,31.362081322241885,0.4459459459459459,1,1,2,Moderate Risk
68,45,Rural,silver,65,4.19,Evening,Economy,112,323.4791093139413,0.6617647058823529,0,0,2,Moderate Risk
36,13,Urban,silver,84,4.88,Evening,Premium,140,505.3840569466695,0.3611111111111111,0,0,2,Low Risk
51,5,Urban,gold,0,4.59,Afternoon,Premium,92,320.8576215627125,0.0980392156862745,1,1,2,Moderate Risk
63,23,Urban,silver,48,4.09,Evening,Economy,49,214.5660524456202,0.365079365079365,0,0,1,Moderate Risk
96,29,Urban,regular,84,3.65,Night,Economy,176,758.5015334295354,0.3020833333333333,0,0,2,Moderate Risk
94,59,Suburban,regular,84,4.38,Morning,Premium,175,665.7295341217325,0.6276595744680851,1,1,2,Moderate Risk
74,32,Suburban,regular,2,4.7,Evening,Premium,38,171.06636292972274,0.4324324324324324,0,0,0,Moderate Risk
91,13,Rural,silver,32,3.6,Morning,Premium,160,647.3526381087524,0.1428571428571428,1,1,1,Moderate Risk
69,12,Suburban,regular,42,4.34,Afternoon,Premium,158,608.1282399929386,0.1739130434782608,1,1,1,Moderate Risk
51,20,Rural,silver,57,3.68,Night,Economy,67,246.92292493661097,0.392156862745098,0,0,2,Moderate Risk
45,17,Rural,gold,10,4.93,Night,Premium,148,430.0665305032927,0.3777777777777777,0,0,2,Moderate Risk
92,34,Suburban,regular,98,3.99,Night,Economy,140,396.6387527092545,0.3695652173913043,0,0,2,Moderate Risk
69,36,Suburban,gold,55,4.74,Morning,Economy,109,436.0114486061054,0.5217391304347826,1,1,2,Low Risk
56,14,Suburban,silver,30,3.67,Night,Economy,48,202.9454568505992,0.25,0,0,1,Moderate Risk
43,26,Rural,regular,59,4.91,Afternoon,Economy,175,731.7816872483901,0.6046511627906976,1,1,2,Low Risk
86,48,Urban,silver,37,4.15,Night,Economy,84,216.05054809363543,0.5581395348837209,0,0,1,Moderate Risk
61,34,Urban,gold,82,3.99,Night,Premium,10,83.86835620425342,0.5573770491803278,0,0,2,Moderate Risk
50,36,Suburban,gold,18,4.61,Night,Economy,145,572.2420492964254,0.72,0,0,2,Moderate Risk
73,34,Urban,regular,95,4.31,Morning,Premium,21,118.8070474355678,0.4657534246575342,1,1,2,Moderate Risk
76,7,Urban,gold,76,4.35,Morning,Economy,72,245.8935711917164,0.0921052631578947,1,1,2,Moderate Risk
87,41,Urban,regular,87,4.36,Night,Economy,87,387.1117403297744,0.4712643678160919,0,0,2,Moderate Risk
53,33,Rural,regular,40,3.8,Morning,Premium,139,507.9505746530285,0.6226415094339622,1,1,1,Moderate Risk
71,8,Suburban,silver,57,3.68,Night,Economy,75,249.302974601016,0.1126760563380281,0,0,2,Moderate Risk
32,5,Rural,gold,80,3.55,Night,Economy,14,45.91711193197189,0.15625,0,0,2,Moderate Risk
91,30,Suburban,gold,34,3.69,Afternoon,Economy,96,424.6120578300381,0.3296703296703296,1,1,2,Moderate Risk
47,37,Suburban,gold,64,3.75,Morning,Economy,31,85.97357530080251,0.7872340425531915,1,1,2,Moderate Risk
23,13,Rural,silver,42,4.55,Night,Economy,87,328.9669925908357,0.5652173913043478,0,0,1,Low Risk
57,20,Rural,regular,92,3.74,Morning,Economy,53,172.62943414987132,0.3508771929824561,1,1,2,Moderate Risk
48,17,Suburban,silver,2,4.09,Evening,Economy,85,261.9435328532634,0.3541666666666667,0,0,1,High Risk
22,5,Urban,gold,39,4.92,Evening,Economy,56,199.0416803252397,0.2272727272727272,0,0,2,Low Risk
60,19,Urban,silver,37,4.22,Evening,Economy,68,232.2834549147445,0.3166666666666666,0,0,1,Moderate Risk
94,42,Rural,regular,0,4.23,Morning,Premium,36,185.311838106628,0.4468085106382978,1,1,0,Moderate Risk
43,6,Suburban,silver,34,4.4,Morning,Premium,24,153.76143970087224,0.1395348837209302,1,1,1,Moderate Risk
97,18,Suburban,regular,53,4.25,Night,Premium,26,126.4771352873347,0.1855670103092783,0,0,2,Moderate Risk
47,17,Rural,silver,7,4.8,Morning,Economy,173,609.5038276051239,0.3617021276595745,1,1,1,Moderate Risk
39,28,Urban,silver,72,3.76,Afternoon,Premium,87,287.1624375675698,0.717948717948718,1,1,2,Moderate Risk
50,39,Suburban,regular,94,3.81,Evening,Premium,139,406.32480651562713,0.78,0,0,2,Moderate Risk
35,17,Urban,regular,78,4.4,Evening,Premium,61,249.03711265544783,0.4857142857142857,0,0,2,Moderate Risk
28,8,Suburban,regular,69,3.86,Evening,Premium,175,620.9016915662245,0.2857142857142857,0,0,2,Moderate Risk
51,32,Rural,regular,98,4.44,Morning,Premium,51,267.0607016773296,0.6274509803921569,1,1,2,Moderate Risk
54,12,Suburban,silver,84,4.98,Evening,Premium,172,715.7547930992089,0.2222222222222222,0,0,2,Low Risk
65,10,Urban,regular,77,4.36,Afternoon,Economy,170,430.385487919734,0.1538461538461538,1,1,2,Moderate Risk
61,26,Rural,gold,21,3.85,Morning,Premium,126,604.273047008686,0.4262295081967213,1,1,2,Moderate Risk
46,9,Suburban,silver,67,4.22,Evening,Premium,47,243.5250631593867,0.1956521739130435,0,0,2,Moderate Risk
73,50,Urban,regular,7,4.22,Night,Economy,45,176.2144067384048,0.684931506849315,0,0,0,Moderate Risk
86,49,Urban,regular,99,3.51,Night,Economy,130,471.4796320940979,0.5697674418604651,0,0,2,Moderate Risk
75,7,Suburban,gold,100,4.13,Morning,Economy,134,453.3769493913552,0.0933333333333333,1,1,2,Moderate Risk
39,29,Suburban,silver,12,4.24,Evening,Economy,97,251.1073064574406,0.7435897435897436,0,0,1,Moderate Risk
33,6,Rural,gold,90,4.81,Night,Premium,139,521.8019208244536,0.1818181818181818,0,0,2,Low Risk
40,29,Suburban,silver,6,4.94,Night,Premium,71,346.4926515319707,0.725,0,0,1,Moderate Risk
54,35,Suburban,silver,66,4.4,Night,Economy,77,234.0714535105622,0.6481481481481481,0,0,2,Moderate Risk
53,26,Urban,gold,54,4.6,Night,Premium,52,184.0244513007148,0.490566037735849,0,0,2,Low Risk
81,34,Urban,silver,98,3.55,Afternoon,Premium,164,554.8869659163038,0.419753086419753,1,1,2,Moderate Risk
45,20,Urban,regular,80,4.73,Morning,Economy,63,192.61977241404605,0.4444444444444444,1,1,2,Low Risk
20,9,Urban,silver,77,3.91,Evening,Economy,89,227.796524806166,0.45,0,0,2,Moderate Risk
47,22,Rural,silver,11,4.8,Afternoon,Premium,119,416.601648993299,0.4680851063829787,1,1,1,Moderate Risk
33,18,Urban,gold,90,3.61,Evening,Premium,146,671.7128294096442,0.5454545454545454,0,0,2,Moderate Risk
78,57,Rural,silver,5,4.82,Morning,Premium,127,552.6397714448676,0.7307692307692307,1,1,1,Moderate Risk
26,12,Rural,silver,9,3.75,Afternoon,Economy,115,321.37240510655704,0.4615384615384615,1,1,1,High Risk
62,21,Rural,regular,61,4.57,Night,Economy,56,215.4338699200544,0.3387096774193548,0,0,2,Low Risk
84,59,Suburban,silver,67,4.27,Morning,Premium,164,758.9961232252967,0.7023809523809523,1,1,2,Moderate Risk
49,8,Urban,regular,1,4.06,Afternoon,Premium,157,694.4247148756359,0.1632653061224489,1,1,0,High Risk
34,22,Suburban,gold,34,3.64,Morning,Economy,176,617.3632185255483,0.6470588235294118,1,1,2,Moderate Risk
49,30,Rural,silver,86,3.62,Afternoon,Premium,69,328.63536897966003,0.6122448979591837,1,1,2,Moderate Risk
83,50,Rural,regular,7,3.66,Evening,Premium,100,376.3000600585162,0.6024096385542169,0,0,0,High Risk
88,5,Urban,silver,89,3.59,Night,Economy,27,70.20380336705749,0.0568181818181818,0,0,2,Moderate Risk
90,71,Suburban,gold,88,3.84,Morning,Economy,167,451.6848649701074,0.7888888888888889,1,1,2,Moderate Risk
65,5,Rural,silver,24,3.54,Night,Economy,119,301.40392677127403,0.0769230769230769,0,0,1,Moderate Risk
73,28,Urban,silver,22,4.57,Afternoon,Economy,53,153.39607111804412,0.3835616438356164,1,1,1,Moderate Risk
85,62,Suburban,silver,54,3.78,Morning,Economy,114,339.66230419418656,0.7294117647058823,1,1,2,Moderate Risk
65,27,Rural,gold,62,3.54,Night,Premium,162,733.4425366578176,0.4153846153846154,0,0,2,Moderate Risk
74,42,Urban,gold,88,3.5,Evening,Economy,77,203.8363809804033,0.5675675675675675,0,0,2,Moderate Risk
41,7,Rural,gold,68,4.3,Evening,Premium,66,284.5088586099128,0.1707317073170731,0,0,2,Moderate Risk
79,23,Urban,gold,88,3.88,Night,Economy,164,492.1134583590864,0.2911392405063291,0,0,2,Moderate Risk
53,7,Urban,silver,64,4.55,Night,Premium,10,86.19117981050438,0.1320754716981132,0,0,2,Low Risk
35,14,Urban,silver,74,5.0,Night,Premium,175,727.8809447636283,0.4,0,0,2,Low Risk
53,40,Rural,gold,79,3.66,Evening,Premium,30,158.65264164620277,0.7547169811320755,0,0,2,Moderate Risk
36,23,Urban,silver,42,4.66,Morning,Economy,14,44.52503661261306,0.6388888888888888,1,1,1,Low Risk
38,25,Urban,regular,2,4.24,Morning,Premium,128,452.4258268814717,0.6578947368421053,1,1,0,Moderate Risk
52,36,Rural,silver,1,4.52,Morning,Premium,36,152.64047921471024,0.6923076923076923,1,1,1,Moderate Risk
91,64,Suburban,regular,26,4.56,Morning,Premium,96,420.2245689053783,0.7032967032967034,1,1,1,Moderate Risk
87,5,Urban,silver,59,4.32,Night,Economy,42,151.35930066309265,0.057471264367816,0,0,2,Moderate Risk
96,20,Suburban,gold,88,3.6,Evening,Premium,71,242.27196569085137,0.2083333333333333,0,0,2,Moderate Risk
83,59,Urban,gold,8,4.85,Morning,Economy,31,119.0485543701777,0.7108433734939759,1,1,2,Moderate Risk
48,23,Rural,gold,0,4.46,Afternoon,Economy,174,472.56954081275165,0.4791666666666667,1,1,2,Moderate Risk
65,19,Suburban,silver,24,4.59,Evening,Economy,96,334.6493506052282,0.2923076923076923,0,0,1,Moderate Risk
79,29,Suburban,silver,0,4.86,Morning,Economy,127,406.0855256604135,0.3670886075949367,1,1,1,Moderate Risk
100,22,Suburban,silver,45,4.23,Night,Premium,141,551.365137615676,0.22,0,0,1,Moderate Risk
73,63,Suburban,silver,25,4.19,Afternoon,Economy,129,534.0181945871103,0.863013698630137,1,1,1,Moderate Risk
79,67,Rural,gold,56,4.01,Evening,Premium,151,501.2363000548165,0.8481012658227848,0,0,2,Moderate Risk
88,55,Rural,regular,56,4.0,Night,Premium,26,159.60691863182956,0.625,0,0,2,Moderate Risk
76,34,Suburban,silver,10,4.92,Morning,Economy,103,359.8010509571677,0.4473684210526316,1,1,1,Moderate Risk
49,30,Suburban,silver,80,3.74,Night,Economy,85,348.6695624527248,0.6122448979591837,0,0,2,Moderate Risk
100,64,Rural,regular,7,4.89,Night,Premium,115,490.5040759704239,0.64,0,0,0,Moderate Risk
87,26,Rural,gold,63,4.2,Morning,Premium,118,485.683239513509,0.2988505747126437,1,1,2,Moderate Risk
22,5,Rural,silver,93,4.85,Evening,Economy,99,424.9275101964327,0.2272727272727272,0,0,2,Low Risk
21,11,Rural,silver,23,3.76,Afternoon,Economy,12,40.442890652890384,0.5238095238095238,1,1,1,Moderate Risk
93,57,Suburban,regular,34,4.89,Morning,Premium,80,258.424915281181,0.6129032258064516,1,1,1,Low Risk
28,15,Rural,gold,90,4.25,Night,Premium,177,511.929390993806,0.5357142857142857,0,0,2,Moderate Risk
97,7,Urban,silver,22,3.74,Afternoon,Premium,147,441.74670095471794,0.0721649484536082,1,1,1,Moderate Risk
48,12,Urban,silver,51,4.63,Night,Premium,32,175.5180543386476,0.25,0,0,2,Low Risk
70,37,Urban,silver,10,3.65,Night,Premium,168,658.5834276725151,0.5285714285714286,0,0,1,Moderate Risk
78,12,Rural,silver,99,4.3,Afternoon,Economy,95,299.2909931126892,0.1538461538461538,1,1,2,Moderate Risk
25,7,Rural,regular,24,3.85,Evening,Premium,144,494.8027992189699,0.28,0,0,1,Moderate Risk
24,9,Urban,gold,6,4.05,Afternoon,Premium,69,223.51901195083727,0.375,1,1,2,High Risk
92,37,Rural,silver,7,4.92,Morning,Premium,103,434.5710508212173,0.4021739130434782,1,1,1,Moderate Risk
43,33,Rural,gold,16,4.01,Morning,Premium,159,630.4284012724294,0.7674418604651163,1,1,2,Moderate Risk
96,23,Urban,gold,8,4.23,Morning,Premium,90,445.1254111184949,0.2395833333333333,1,1,2,Moderate Risk
88,46,Rural,gold,35,4.89,Afternoon,Premium,72,361.98552095653855,0.5227272727272727,1,1,2,Low Risk
83,43,Suburban,regular,20,3.59,Morning,Economy,63,267.28219711727195,0.5180722891566265,1,1,1,Moderate Risk
50,29,Urban,regular,2,4.81,Morning,Economy,143,518.9547629602604,0.58,1,1,0,Moderate Risk
97,75,Urban,regular,15,4.94,Afternoon,Economy,163,575.4934491747886,0.7731958762886598,1,1,0,Moderate Risk
84,24,Suburban,regular,39,4.08,Afternoon,Economy,86,349.4432162449335,0.2857142857142857,1,1,1,Moderate Risk
68,40,Suburban,silver,58,4.64,Morning,Premium,68,279.2349662242834,0.5882352941176471,1,1,2,Low Risk
77,30,Urban,regular,99,4.7,Evening,Premium,179,689.7483154802385,0.3896103896103896,0,0,2,Low Risk
82,67,Urban,regular,13,4.43,Afternoon,Economy,33,88.76294359232648,0.8170731707317073,1,1,0,Moderate Risk
21,8,Suburban,gold,37,3.71,Evening,Premium,171,621.7963494961118,0.3809523809523809,0,0,2,Moderate Risk
75,24,Rural,regular,44,3.79,Night,Premium,72,307.621949405299,0.32,0,0,1,Moderate Risk
61,9,Urban,gold,74,3.98,Evening,Premium,32,172.41053126646165,0.1475409836065573,0,0,2,Moderate Risk
90,13,Suburban,regular,24,3.73,Afternoon,Economy,126,444.2453020895959,0.1444444444444444,1,1,1,Moderate Risk
100,21,Suburban,regular,20,3.52,Night,Premium,163,556.8967118375435,0.21,0,0,1,Moderate Risk
93,31,Suburban,gold,13,3.58,Afternoon,Premium,101,355.3245754797394,0.3333333333333333,1,1,2,Moderate Risk
92,14,Urban,silver,57,3.73,Morning,Premium,133,474.99773906008016,0.1521739130434782,1,1,2,Moderate Risk
61,12,Rural,gold,59,4.72,Afternoon,Premium,178,581.9712306098094,0.1967213114754098,1,1,2,Low Risk
53,12,Suburban,gold,79,3.6,Night,Premium,154,663.4393972369916,0.2264150943396226,0,0,2,Moderate Risk
55,21,Urban,regular,20,3.56,Night,Premium,134,519.469492374694,0.3818181818181818,0,0,1,Moderate Risk
57,45,Rural,gold,78,4.43,Afternoon,Premium,112,397.6919501475396,0.7894736842105263,1,1,2,Moderate Risk
34,8,Suburban,silver,51,4.09,Afternoon,Premium,130,388.1122298927073,0.2352941176470588,1,1,2,Moderate Risk
50,11,Suburban,silver,19,4.87,Morning,Economy,144,591.1000759572743,0.22,1,1,1,Moderate Risk
35,22,Rural,silver,82,3.79,Afternoon,Economy,174,586.7988633141081,0.6285714285714286,1,1,2,Moderate Risk
43,14,Suburban,regular,1,3.53,Night,Premium,134,648.9097429236178,0.3255813953488372,0,0,0,High Risk
50,25,Suburban,silver,19,4.32,Night,Economy,176,746.3391324597457,0.5,0,0,1,Moderate Risk
55,19,Urban,regular,64,4.34,Morning,Premium,129,555.0976877626003,0.3454545454545454,1,1,2,Moderate Risk
93,67,Urban,silver,21,4.88,Night,Premium,87,417.91314129159,0.7204301075268817,0,0,1,Moderate Risk
94,69,Urban,silver,86,4.12,Morning,Premium,18,97.80093621671637,0.7340425531914894,1,1,2,Moderate Risk
70,60,Urban,regular,57,4.05,Afternoon,Premium,43,193.0891119987856,0.8571428571428571,1,1,2,Moderate Risk
36,25,Suburban,regular,61,3.64,Night,Economy,132,492.4640116460618,0.6944444444444444,0,0,2,Moderate Risk
37,9,Suburban,silver,73,4.8,Morning,Economy,124,408.81562882076287,0.2432432432432432,1,1,2,Low Risk
68,46,Urban,gold,8,4.21,Afternoon,Economy,116,364.1617948077249,0.6764705882352942,1,1,2,Moderate Risk
77,15,Suburban,regular,47,4.47,Morning,Economy,66,228.64349787316,0.1948051948051948,1,1,1,Moderate Risk
27,12,Suburban,silver,64,4.7,Evening,Economy,149,667.9464280068869,0.4444444444444444,0,0,2,Low Risk
90,56,Suburban,silver,61,4.38,Night,Premium,91,410.34270896598935,0.6222222222222222,0,0,2,Moderate Risk
46,23,Suburban,regular,19,4.92,Afternoon,Economy,169,710.4192641684332,0.5,1,1,0,Moderate Risk
96,80,Urban,regular,47,3.77,Morning,Economy,70,177.20306582722415,0.8333333333333334,1,1,1,Moderate Risk
80,6,Rural,silver,43,4.81,Night,Economy,24,74.32837977574499,0.075,0,0,1,Low Risk
80,31,Suburban,silver,91,4.61,Evening,Premium,127,392.3027600530253,0.3875,0,0,2,Low Risk
64,25,Suburban,silver,85,4.46,Afternoon,Premium,37,168.61019430479575,0.390625,1,1,2,Moderate Risk
57,42,Rural,silver,36,3.59,Afternoon,Premium,167,587.2581373063812,0.7368421052631579,1,1,1,Moderate Risk
52,7,Rural,silver,57,4.82,Night,Economy,180,563.9803272683639,0.1346153846153846,0,0,2,Low Risk
69,56,Urban,regular,73,4.02,Night,Premium,116,352.3474982568331,0.8115942028985508,0,0,2,Moderate Risk
67,54,Suburban,regular,53,3.67,Morning,Economy,110,415.3075369486595,0.8059701492537313,1,1,2,Moderate Risk
25,7,Rural,silver,13,4.07,Afternoon,Premium,60,204.215843297379,0.28,1,1,1,Moderate Risk
80,35,Rural,regular,29,4.49,Night,Economy,79,319.6520700676685,0.4375,0,0,1,Moderate Risk
73,6,Suburban,silver,5,4.03,Night,Premium,71,362.05333073474793,0.0821917808219178,0,0,1,High Risk
24,6,Urban,regular,65,4.29,Afternoon,Premium,106,387.4755378090192,0.25,1,1,2,Moderate Risk
37,14,Rural,gold,18,4.36,Evening,Economy,85,348.8532987245396,0.3783783783783784,0,0,2,Moderate Risk
27,6,Rural,regular,74,4.75,Afternoon,Premium,157,732.2985126943609,0.2222222222222222,1,1,2,Low Risk
23,11,Urban,regular,11,4.86,Afternoon,Economy,133,343.6721333865543,0.4782608695652174,1,1,0,Moderate Risk
42,8,Rural,gold,12,4.79,Morning,Premium,166,599.7162532373392,0.1904761904761904,1,1,2,Moderate Risk
74,39,Urban,silver,11,3.65,Morning,Economy,173,484.75453888236336,0.527027027027027,1,1,1,Moderate Risk
68,30,Urban,regular,28,4.69,Night,Premium,134,581.1514565564086,0.4411764705882353,0,0,1,Moderate Risk
59,9,Suburban,silver,30,4.83,Afternoon,Economy,140,603.3651642705413,0.1525423728813559,1,1,1,Low Risk
89,75,Rural,silver,76,4.39,Evening,Economy,110,369.8546414878244,0.8426966292134831,0,0,2,Moderate Risk
81,35,Suburban,regular,45,4.11,Night,Economy,174,708.8801421484817,0.4320987654320987,0,0,1,Moderate Risk
33,8,Suburban,regular,74,4.52,Morning,Premium,56,205.83755050869485,0.2424242424242424,1,1,2,Low Risk
75,28,Urban,gold,49,4.46,Night,Economy,163,684.5607033083106,0.3733333333333333,0,0,2,Moderate Risk
87,48,Suburban,silver,95,4.73,Morning,Economy,162,453.2541298779704,0.5517241379310345,1,1,2,Low Risk
56,37,Suburban,silver,96,3.83,Afternoon,Premium,130,412.5848379812361,0.6607142857142857,1,1,2,Moderate Risk
75,32,Urban,silver,20,3.69,Evening,Premium,96,440.4442377359072,0.4266666666666667,0,0,1,Moderate Risk
99,54,Rural,silver,96,3.77,Afternoon,Premium,61,241.6407113776789,0.5454545454545454,1,1,2,Moderate Risk
33,16,Rural,regular,81,4.08,Afternoon,Premium,50,201.2925318937432,0.4848484848484848,1,1,2,Moderate Risk
41,28,Rural,gold,89,4.47,Evening,Premium,45,220.05114029296504,0.6829268292682927,0,0,2,Moderate Risk
55,19,Suburban,silver,74,3.51,Morning,Economy,173,702.9134159653358,0.3454545454545454,1,1,2,Moderate Risk
93,51,Rural,silver,12,4.98,Morning,Premium,90,431.42166025583447,0.5483870967741935,1,1,1,Moderate Risk
54,35,Urban,silver,11,4.49,Afternoon,Premium,96,466.8626810645626,0.6481481481481481,1,1,1,Moderate Risk
34,20,Urban,gold,21,4.15,Morning,Premium,158,445.1263611668488,0.5882352941176471,1,1,2,Moderate Risk
86,18,Suburban,silver,61,4.3,Afternoon,Premium,126,441.6378571357946,0.2093023255813953,1,1,2,Moderate Risk
85,27,Suburban,gold,8,4.11,Night,Premium,157,669.5210116683382,0.3176470588235294,0,0,2,High Risk
74,5,Suburban,regular,80,3.63,Night,Economy,134,354.3852115042604,0.0675675675675675,0,0,2,Moderate Risk
63,53,Rural,gold,33,4.33,Afternoon,Economy,175,489.7125242986789,0.8412698412698413,1,1,2,Moderate Risk
55,13,Suburban,silver,45,3.71,Morning,Premium,40,222.56858200356248,0.2363636363636363,1,1,1,Moderate Risk
100,66,Suburban,gold,27,3.53,Evening,Premium,106,412.2556067980849,0.66,0,0,2,Moderate Risk
51,27,Urban,gold,86,3.82,Evening,Premium,152,472.21573527678265,0.5294117647058824,0,0,2,Moderate Risk
37,10,Urban,silver,33,4.86,Afternoon,Economy,44,179.93988033973832,0.2702702702702703,1,1,1,Low Risk
99,71,Suburban,gold,3,4.63,Morning,Premium,100,308.9111533232364,0.7171717171717171,1,1,2,Moderate Risk
54,24,Rural,silver,85,3.79,Evening,Economy,102,306.3142432341152,0.4444444444444444,0,0,2,Moderate Risk
30,7,Rural,gold,57,4.27,Morning,Premium,69,224.46487829301583,0.2333333333333333,1,1,2,Moderate Risk
84,56,Urban,silver,71,4.56,Evening,Premium,15,101.07378646994935,0.6666666666666666,0,0,2,Low Risk
49,14,Suburban,silver,55,4.43,Morning,Premium,131,633.4966221375331,0.2857142857142857,1,1,2,Moderate Risk
86,10,Urban,silver,98,4.8,Morning,Economy,18,62.87509273644356,0.1162790697674418,1,1,2,Low Risk
48,24,Rural,gold,17,3.98,Afternoon,Economy,29,92.03104706108972,0.5,1,1,2,Moderate Risk
67,18,Urban,silver,78,3.81,Morning,Premium,22,106.7358926414302,0.2686567164179104,1,1,2,Moderate Risk
100,16,Rural,gold,96,3.65,Night,Premium,163,560.6703257140985,0.16,0,0,2,Moderate Risk
79,7,Rural,silver,31,4.82,Night,Economy,100,322.9000694955284,0.0886075949367088,0,0,1,Low Risk
99,9,Rural,silver,33,4.98,Afternoon,Economy,110,292.33936093553586,0.0909090909090909,1,1,1,Low Risk
34,24,Urban,silver,3,4.41,Morning,Economy,97,242.7517170048808,0.7058823529411765,1,1,1,Moderate Risk
54,21,Urban,silver,23,4.44,Evening,Premium,136,442.7796305981407,0.3888888888888889,0,0,1,Moderate Risk
77,43,Suburban,regular,73,4.07,Afternoon,Premium,131,505.54671645728143,0.5584415584415584,1,1,2,Moderate Risk
80,21,Urban,regular,85,4.21,Morning,Premium,146,474.9171617926677,0.2625,1,1,2,Moderate Risk
74,54,Urban,regular,16,4.35,Afternoon,Premium,147,617.434678434942,0.7297297297297297,1,1,0,Moderate Risk
57,38,Urban,regular,31,3.97,Morning,Premium,64,294.8553699465021,0.6666666666666666,1,1,1,Moderate Risk
97,66,Urban,silver,90,3.6,Evening,Premium,150,717.467322019467,0.6804123711340206,0,0,2,Moderate Risk
52,14,Suburban,gold,97,4.83,Evening,Premium,66,266.9772170141728,0.2692307692307692,0,0,2,Low Risk
51,37,Rural,regular,34,4.64,Afternoon,Economy,100,383.3711770715268,0.7254901960784313,1,1,1,Low Risk
87,52,Urban,gold,15,3.57,Night,Economy,66,266.4336179135411,0.5977011494252874,0,0,2,Moderate Risk
91,42,Suburban,silver,76,4.96,Morning,Economy,86,336.39439243010713,0.4615384615384615,1,1,2,Low Risk
85,34,Rural,regular,66,4.59,Morning,Premium,163,764.8593556145701,0.4,1,1,2,Low Risk
57,21,Rural,silver,28,4.93,Night,Economy,141,588.6941797749441,0.3684210526315789,0,0,1,Moderate Risk
28,8,Urban,regular,67,3.78,Afternoon,Premium,58,305.2426676647312,0.2857142857142857,1,1,2,Moderate Risk
58,30,Urban,regular,32,4.14,Night,Economy,75,256.37380365626416,0.5172413793103449,0,0,1,Moderate Risk
31,9,Rural,gold,18,4.42,Morning,Premium,114,461.0193485856391,0.2903225806451613,1,1,2,Moderate Risk
27,11,Suburban,gold,88,4.5,Evening,Premium,144,581.7472844259253,0.4074074074074074,0,0,2,Low Risk
90,75,Urban,gold,88,4.1,Afternoon,Economy,106,472.5465909334413,0.8333333333333334,1,1,2,Moderate Risk
54,8,Suburban,regular,41,3.89,Morning,Economy,168,573.4835718398938,0.1481481481481481,1,1,1,Moderate Risk
23,9,Suburban,silver,50,3.84,Evening,Premium,34,192.3850221961644,0.391304347826087,0,0,1,Moderate Risk
94,64,Urban,regular,62,4.87,Night,Economy,166,744.0359811402852,0.6808510638297872,0,0,2,Low Risk
86,20,Suburban,silver,51,3.75,Morning,Premium,110,412.25746306035046,0.2325581395348837,1,1,2,Moderate Risk
79,55,Suburban,regular,91,4.39,Morning,Economy,48,189.5605649707772,0.6962025316455697,1,1,2,Moderate Risk
73,13,Urban,regular,93,3.95,Night,Economy,90,357.0434721850994,0.1780821917808219,0,0,2,Moderate Risk
74,23,Urban,regular,45,4.07,Morning,Premium,99,417.1740953777763,0.3108108108108108,1,1,1,Moderate Risk
26,11,Urban,gold,10,4.22,Morning,Premium,69,314.84471031916905,0.4230769230769231,1,1,2,Moderate Risk
99,30,Urban,regular,74,4.21,Morning,Premium,160,629.9546011362719,0.303030303030303,1,1,2,Moderate Risk
80,42,Urban,gold,85,4.22,Night,Economy,131,473.5617540035448,0.525,0,0,2,Moderate Risk
78,35,Rural,regular,5,4.35,Evening,Premium,100,317.88095784682014,0.4487179487179487,0,0,0,Moderate Risk
63,6,Urban,gold,29,4.79,Evening,Premium,24,132.49921949173307,0.0952380952380952,0,0,2,Moderate Risk
25,8,Rural,regular,30,4.44,Night,Economy,115,430.7858509781543,0.32,0,0,1,Moderate Risk
100,50,Urban,regular,20,4.14,Evening,Economy,127,350.2265835541767,0.5,0,0,1,Moderate Risk
46,8,Urban,silver,32,4.81,Afternoon,Economy,112,466.42747932165264,0.1739130434782608,1,1,1,Low Risk
59,29,Urban,regular,90,4.3,Night,Economy,145,651.7303890276737,0.4915254237288136,0,0,2,Moderate Risk
21,11,Rural,gold,18,4.2,Morning,Premium,49,266.34807324582846,0.5238095238095238,1,1,2,Moderate Risk
64,7,Rural,silver,48,4.67,Evening,Economy,64,266.38537677090085,0.109375,0,0,1,Low Risk
52,22,Suburban,gold,72,3.6,Morning,Premium,101,303.803226426852,0.4230769230769231,1,1,2,Moderate Risk
100,56,Suburban,silver,67,4.2,Evening,Economy,169,461.9661913503604,0.56,0,0,2,Moderate Risk
83,72,Rural,regular,25,4.62,Night,Premium,45,201.0575405594342,0.8674698795180723,0,0,1,Moderate Risk
89,10,Rural,silver,36,4.12,Afternoon,Premium,13,94.21444738997974,0.1123595505617977,1,1,1,Moderate Risk
100,37,Rural,silver,47,4.7,Afternoon,Economy,142,546.8574476673242,0.37,1,1,1,Low Risk
71,7,Urban,gold,31,4.83,Morning,Premium,60,292.74683013160404,0.0985915492957746,1,1,2,Low Risk
94,26,Suburban,regular,0,3.94,Afternoon,Premium,40,150.90603765991335,0.2765957446808511,1,1,0,High Risk
52,23,Urban,regular,41,4.23,Evening,Economy,134,534.90663340905,0.4423076923076923,0,0,1,Moderate Risk
27,15,Urban,silver,31,4.95,Afternoon,Economy,103,315.2654030422818,0.5555555555555556,1,1,1,Low Risk
88,62,Urban,regular,62,4.82,Afternoon,Economy,162,601.2360266422271,0.7045454545454546,1,1,2,Low Risk
48,38,Suburban,silver,64,4.97,Night,Premium,152,701.4695729515377,0.7916666666666666,0,0,2,Low Risk
53,35,Suburban,regular,1,3.67,Morning,Premium,88,392.0078846224547,0.660377358490566,1,1,0,High Risk
31,12,Suburban,gold,34,4.7,Night,Economy,105,331.8375249153692,0.3870967741935484,0,0,2,Low Risk
56,34,Suburban,silver,1,4.56,Afternoon,Economy,121,307.5259290756184,0.6071428571428571,1,1,1,Moderate Risk
48,35,Rural,gold,47,4.26,Morning,Economy,26,68.27174499943663,0.7291666666666666,1,1,2,Moderate Risk
93,66,Suburban,silver,22,3.91,Night,Economy,180,765.4397485645513,0.7096774193548387,0,0,1,Moderate Risk
49,18,Rural,silver,62,4.92,Afternoon,Economy,62,168.36628924698925,0.3673469387755102,1,1,2,Low Risk
72,33,Rural,gold,63,4.25,Evening,Economy,132,351.7736189685264,0.4583333333333333,0,0,2,Moderate Risk
62,11,Suburban,gold,37,4.23,Morning,Premium,71,363.3457529659053,0.1774193548387097,1,1,2,Moderate Risk
39,15,Suburban,regular,53,4.6,Evening,Premium,38,201.7146762833217,0.3846153846153846,0,0,2,Low Risk
67,56,Urban,gold,49,4.22,Afternoon,Premium,23,121.43999901863724,0.835820895522388,1,1,2,Moderate Risk
88,15,Urban,regular,39,4.51,Afternoon,Economy,137,598.7750233051204,0.1704545454545454,1,1,1,Low Risk
29,16,Urban,silver,75,4.11,Morning,Premium,80,371.1242881043308,0.5517241379310345,1,1,2,Moderate Risk
100,24,Urban,silver,88,4.49,Night,Economy,56,173.66696747925593,0.24,0,0,2,Moderate Risk
98,43,Suburban,gold,62,4.98,Morning,Economy,130,538.5185280064754,0.4387755102040816,1,1,2,Low Risk
35,10,Rural,gold,40,3.54,Night,Economy,75,281.9625670059949,0.2857142857142857,0,0,2,Moderate Risk
58,14,Rural,gold,10,3.77,Morning,Economy,95,258.01445968829404,0.2413793103448276,1,1,2,Moderate Risk
22,7,Urban,gold,53,4.43,Morning,Premium,98,476.2019961536034,0.3181818181818182,1,1,2,Moderate Risk
84,37,Suburban,regular,94,3.83,Night,Economy,28,124.64550323605349,0.4404761904761904,0,0,2,Moderate Risk
91,14,Suburban,silver,19,4.78,Night,Premium,19,111.11271494112724,0.1538461538461538,0,0,1,Moderate Risk
56,29,Urban,gold,67,4.49,Afternoon,Economy,125,421.8171879075184,0.5178571428571429,1,1,2,Moderate Risk
97,21,Rural,regular,36,3.72,Evening,Premium,23,134.0510144913575,0.2164948453608247,0,0,1,Moderate Risk
57,47,Urban,gold,26,3.8,Morning,Economy,30,132.4032477391118,0.8245614035087719,1,1,2,Moderate Risk
94,27,Suburban,silver,100,3.6,Night,Premium,172,547.9814624298182,0.2872340425531915,0,0,2,Moderate Risk
84,6,Suburban,gold,24,3.74,Morning,Economy,68,281.96824577029594,0.0714285714285714,1,1,2,Moderate Risk
40,11,Rural,silver,1,4.24,Night,Premium,35,182.46632143825187,0.275,0,0,1,Moderate Risk
65,36,Suburban,silver,20,4.39,Night,Premium,87,313.7742265682814,0.5538461538461539,0,0,1,Moderate Risk
35,22,Urban,silver,28,4.88,Afternoon,Premium,116,422.8866610257602,0.6285714285714286,1,1,1,Moderate Risk
40,30,Urban,regular,67,4.03,Evening,Premium,143,529.6967147126813,0.75,0,0,2,Moderate Risk
61,45,Urban,silver,6,4.99,Evening,Economy,10,25.993449448411635,0.7377049180327869,0,0,1,Moderate Risk
50,14,Urban,gold,98,3.52,Night,Premium,109,351.5699575243088,0.28,0,0,2,Moderate Risk
98,25,Suburban,silver,30,4.76,Afternoon,Economy,60,154.68715967826247,0.2551020408163265,1,1,1,Low Risk
54,37,Suburban,regular,41,4.69,Afternoon,Premium,16,106.59208227583191,0.6851851851851852,1,1,1,Low Risk
37,13,Rural,regular,31,4.66,Afternoon,Economy,35,132.1665679180113,0.3513513513513513,1,1,1,Low Risk
78,41,Urban,silver,12,4.99,Afternoon,Economy,22,76.224961221763,0.5256410256410257,1,1,1,Moderate Risk
84,21,Rural,gold,88,3.5,Afternoon,Economy,146,598.9400399823005,0.25,1,1,2,Moderate Risk
44,32,Suburban,silver,51,4.2,Afternoon,Premium,168,563.1508995670627,0.7272727272727273,1,1,2,Moderate Risk
25,11,Urban,silver,92,3.91,Night,Economy,115,310.1546162756803,0.44,0,0,2,Moderate Risk
38,13,Urban,gold,38,4.46,Evening,Premium,28,145.13756861567325,0.3421052631578947,0,0,2,Moderate Risk
85,25,Urban,silver,21,4.03,Morning,Economy,73,323.5576857599395,0.2941176470588235,1,1,1,Moderate Risk
31,13,Suburban,gold,87,4.04,Evening,Economy,11,31.5656761621252,0.4193548387096774,0,0,2,Moderate Risk
67,6,Rural,regular,25,4.45,Evening,Premium,31,144.46263762346956,0.0895522388059701,0,0,1,Moderate Risk
77,11,Rural,silver,70,3.82,Night,Premium,63,252.4930471020809,0.1428571428571428,0,0,2,Moderate Risk
32,11,Suburban,silver,30,3.53,Afternoon,Premium,32,146.51277441611944,0.34375,1,1,1,Moderate Risk
71,30,Rural,regular,60,4.83,Evening,Premium,156,501.801349985356,0.4225352112676056,0,0,2,Low Risk
65,38,Urban,regular,13,4.77,Morning,Premium,132,610.7325514755008,0.5846153846153846,1,1,0,Moderate Risk
64,29,Urban,silver,66,3.79,Night,Premium,37,194.2623993646844,0.453125,0,0,2,Moderate Risk
48,38,Urban,silver,45,4.17,Afternoon,Economy,87,318.2101259853132,0.7916666666666666,1,1,1,Moderate Risk
76,42,Rural,gold,95,3.93,Morning,Economy,180,512.6251102173163,0.5526315789473685,1,1,2,Moderate Risk
76,53,Urban,regular,77,3.67,Afternoon,Premium,179,555.8919187631545,0.6973684210526315,1,1,2,Moderate Risk
71,14,Suburban,silver,8,4.44,Night,Economy,76,242.1588607696964,0.1971830985915492,0,0,1,Moderate Risk
76,9,Urban,silver,64,4.16,Evening,Economy,10,41.40499127744981,0.1184210526315789,0,0,2,Moderate Risk
51,14,Rural,gold,16,3.51,Night,Premium,30,180.88655372559683,0.2745098039215686,0,0,2,Moderate Risk
88,38,Rural,gold,29,3.73,Evening,Premium,167,537.8971058809161,0.4318181818181818,0,0,2,Moderate Risk
60,24,Rural,gold,5,3.79,Afternoon,Premium,154,556.6629286327259,0.4,1,1,2,High Risk
73,55,Rural,regular,55,4.2,Afternoon,Economy,52,158.5563431447304,0.7534246575342466,1,1,2,Moderate Risk
23,10,Urban,silver,80,3.88,Afternoon,Economy,22,59.4454065021933,0.4347826086956521,1,1,2,Moderate Risk
74,27,Suburban,silver,51,3.75,Morning,Premium,111,334.1449975015087,0.3648648648648648,1,1,2,Moderate Risk
49,6,Suburban,gold,18,4.41,Night,Premium,148,443.7750198288772,0.1224489795918367,0,0,2,Moderate Risk
31,8,Rural,gold,7,3.57,Night,Economy,35,145.24203735141535,0.2580645161290322,0,0,2,High Risk
57,46,Rural,regular,42,4.39,Morning,Economy,56,210.6317666138125,0.8070175438596491,1,1,1,Moderate Risk
64,19,Suburban,regular,35,4.02,Afternoon,Economy,39,152.22919256822726,0.296875,1,1,1,Moderate Risk
86,76,Suburban,regular,84,4.99,Night,Economy,149,612.446726848697,0.8837209302325582,0,0,2,Low Risk
54,28,Suburban,regular,73,3.56,Morning,Premium,51,250.28588237277447,0.5185185185185185,1,1,2,Moderate Risk
85,37,Rural,gold,10,3.76,Night,Premium,61,309.08254473187293,0.4352941176470588,0,0,2,Moderate Risk
58,15,Rural,regular,14,4.76,Night,Premium,12,94.1609176991503,0.2586206896551724,0,0,0,Moderate Risk
96,27,Rural,gold,21,4.37,Night,Premium,57,243.93730652889337,0.28125,0,0,2,Moderate Risk
58,31,Suburban,silver,32,4.87,Evening,Premium,85,331.19305388667465,0.5344827586206896,0,0,1,Low Risk
77,45,Suburban,silver,88,4.16,Morning,Economy,151,595.2312211886215,0.5844155844155844,1,1,2,Moderate Risk
93,73,Rural,regular,78,3.81,Night,Premium,106,465.962681649944,0.7849462365591398,0,0,2,Moderate Risk
44,11,Rural,regular,56,3.83,Afternoon,Premium,18,104.75201005936664,0.25,1,1,2,Moderate Risk
20,10,Rural,regular,54,4.12,Morning,Premium,168,784.0551260339382,0.5,1,1,2,Moderate Risk
70,40,Suburban,regular,9,3.77,Evening,Economy,130,382.9299378688001,0.5714285714285714,0,0,0,High Risk
42,12,Rural,gold,92,4.5,Afternoon,Economy,123,319.2967130915861,0.2857142857142857,1,1,2,Low Risk
87,33,Rural,regular,53,4.15,Evening,Economy,143,640.1373391067773,0.3793103448275862,0,0,2,Moderate Risk
70,43,Suburban,gold,47,4.31,Morning,Economy,57,243.4933853851045,0.6142857142857143,1,1,2,Moderate Risk
61,15,Urban,gold,29,4.49,Afternoon,Economy,32,135.005874109167,0.2459016393442623,1,1,2,Moderate Risk
71,36,Suburban,silver,69,4.37,Morning,Economy,110,392.9639432866157,0.5070422535211268,1,1,2,Moderate Risk
81,33,Suburban,regular,41,4.93,Afternoon,Premium,162,617.2885000560723,0.4074074074074074,1,1,1,Low Risk
87,64,Rural,silver,69,4.55,Evening,Premium,65,310.7883994951958,0.735632183908046,0,0,2,Low Risk
85,65,Suburban,regular,73,4.65,Afternoon,Premium,165,770.0708908209459,0.7647058823529411,1,1,2,Low Risk
91,65,Urban,regular,40,3.58,Evening,Economy,141,373.50470759834695,0.7142857142857143,0,0,1,Moderate Risk
83,57,Rural,silver,80,4.6,Night,Premium,172,814.4195559447121,0.6867469879518072,0,0,2,Low Risk
64,10,Suburban,gold,75,3.61,Morning,Premium,155,473.34669329802574,0.15625,1,1,2,Moderate Risk
69,22,Rural,silver,25,4.41,Night,Premium,74,266.76777889406367,0.3188405797101449,0,0,1,Moderate Risk
37,12,Rural,silver,15,3.73,Evening,Economy,142,369.36165888010754,0.3243243243243243,0,0,1,Moderate Risk
93,28,Urban,silver,63,3.9,Evening,Economy,38,111.72394123957052,0.3010752688172043,0,0,2,Moderate Risk
66,49,Rural,gold,42,4.56,Afternoon,Economy,124,429.94835612457183,0.7424242424242424,1,1,2,Low Risk
47,36,Rural,silver,100,4.2,Morning,Economy,103,414.77830030238334,0.7659574468085106,1,1,2,Moderate Risk
71,30,Rural,regular,45,4.16,Evening,Premium,53,227.1825700126456,0.4225352112676056,0,0,1,Moderate Risk
58,19,Urban,silver,47,3.97,Evening,Economy,77,247.4420018201041,0.3275862068965517,0,0,1,Moderate Risk
100,18,Suburban,silver,50,4.89,Morning,Premium,51,213.8232968736634,0.18,1,1,1,Low Risk
94,28,Urban,regular,59,4.45,Night,Economy,173,652.5878909594384,0.2978723404255319,0,0,2,Moderate Risk
49,6,Rural,silver,23,4.65,Night,Premium,69,289.6463054085282,0.1224489795918367,0,0,1,Moderate Risk
42,7,Rural,gold,90,3.67,Evening,Economy,32,123.762469326047,0.1666666666666666,0,0,2,Moderate Risk
79,63,Urban,gold,56,4.66,Evening,Premium,70,292.5906288976858,0.7974683544303798,0,0,2,Low Risk
59,5,Rural,gold,17,4.97,Evening,Premium,143,440.93951077757487,0.0847457627118644,0,0,2,Moderate Risk
54,7,Urban,regular,91,3.75,Night,Economy,97,298.3226183929867,0.1296296296296296,0,0,2,Moderate Risk
60,6,Rural,silver,65,4.76,Morning,Economy,168,629.2044295696749,0.1,1,1,2,Low Risk
26,13,Suburban,silver,4,3.63,Night,Premium,123,441.99619244539696,0.5,0,0,1,High Risk
90,10,Rural,silver,59,4.44,Morning,Premium,147,691.5012905566776,0.1111111111111111,1,1,2,Moderate Risk
34,12,Suburban,silver,38,4.18,Afternoon,Economy,24,106.94859059241988,0.3529411764705882,1,1,1,Moderate Risk
80,34,Suburban,silver,84,3.8,Night,Economy,174,561.4385219871201,0.425,0,0,2,Moderate Risk
21,7,Rural,regular,58,4.31,Morning,Premium,75,328.45835687553256,0.3333333333333333,1,1,2,Moderate Risk
97,71,Suburban,silver,52,4.32,Evening,Economy,36,133.38738314122594,0.7319587628865979,0,0,2,Moderate Risk
64,7,Suburban,regular,92,4.58,Evening,Premium,16,114.6992021313152,0.109375,0,0,2,Low Risk
47,34,Rural,gold,16,4.38,Evening,Premium,46,237.1433889694325,0.723404255319149,0,0,2,Moderate Risk
44,28,Rural,gold,30,3.93,Evening,Premium,42,157.10657171647188,0.6363636363636364,0,0,2,Moderate Risk
21,9,Suburban,gold,13,4.01,Evening,Economy,127,431.251597706785,0.4285714285714285,0,0,2,Moderate Risk
57,37,Urban,gold,59,3.92,Evening,Economy,159,585.8075881778408,0.6491228070175439,0,0,2,Moderate Risk
62,5,Rural,silver,51,4.4,Afternoon,Economy,160,647.204374917644,0.0806451612903225,1,1,2,Moderate Risk
25,6,Urban,gold,60,3.91,Evening,Premium,145,559.578839787104,0.24,0,0,2,Moderate Risk
92,33,Suburban,silver,70,3.69,Evening,Premium,46,173.1505322724627,0.358695652173913,0,0,2,Moderate Risk
38,7,Rural,gold,46,3.79,Night,Economy,78,198.1704675081237,0.1842105263157894,0,0,2,Moderate Risk
99,31,Urban,silver,0,3.54,Morning,Economy,50,192.7088692483722,0.3131313131313131,1,1,1,High Risk
35,7,Rural,regular,65,4.19,Night,Economy,65,165.0758241756551,0.2,0,0,2,Moderate Risk
30,13,Urban,gold,53,3.68,Night,Premium,124,379.4680328899806,0.4333333333333333,0,0,2,Moderate Risk
28,6,Urban,gold,53,4.48,Night,Premium,148,461.10955384851616,0.2142857142857142,0,0,2,Moderate Risk
59,47,Rural,silver,73,3.54,Night,Economy,75,234.5672445982206,0.7966101694915254,0,0,2,Moderate Risk
24,13,Urban,silver,50,4.26,Night,Premium,141,540.0620306756346,0.5416666666666666,0,0,1,Moderate Risk
21,6,Suburban,regular,15,3.81,Evening,Premium,80,318.8415033130425,0.2857142857142857,0,0,0,Moderate Risk
84,54,Suburban,silver,59,4.98,Afternoon,Premium,43,196.31514152174805,0.6428571428571429,1,1,2,Low Risk
100,50,Urban,silver,83,4.91,Morning,Premium,173,622.4914304114809,0.5,1,1,2,Low Risk
30,11,Urban,silver,99,4.96,Evening,Economy,83,349.6745279402746,0.3666666666666666,0,0,2,Low Risk
45,35,Rural,regular,0,4.58,Afternoon,Premium,41,206.1473318707726,0.7777777777777778,1,1,0,Moderate Risk
53,35,Urban,gold,35,3.92,Afternoon,Premium,166,635.9330544824535,0.660377358490566,1,1,2,Moderate Risk
65,41,Rural,gold,51,3.57,Night,Premium,48,251.1121418065252,0.6307692307692307,0,0,2,Moderate Risk
93,6,Rural,silver,85,4.47,Night,Economy,107,324.098767437868,0.064516129032258,0,0,2,Moderate Risk
28,5,Rural,regular,69,4.49,Morning,Premium,132,425.4887347951667,0.1785714285714285,1,1,2,Moderate Risk
38,8,Urban,silver,78,3.57,Night,Economy,114,470.2690237026412,0.2105263157894736,0,0,2,Moderate Risk
25,6,Urban,regular,69,4.45,Evening,Premium,94,398.051725971793,0.24,0,0,2,Moderate Risk
76,23,Rural,regular,64,3.57,Night,Premium,115,564.9317250247195,0.3026315789473684,0,0,2,Moderate Risk
22,7,Suburban,gold,73,4.91,Morning,Premium,73,238.31899146487595,0.3181818181818182,1,1,2,Low Risk
40,5,Rural,silver,17,4.55,Afternoon,Economy,72,184.9552256292673,0.125,1,1,1,Moderate Risk
89,16,Suburban,regular,27,4.86,Afternoon,Economy,161,624.305615960136,0.1797752808988764,1,1,1,Moderate Risk
31,21,Suburban,silver,77,4.83,Afternoon,Economy,107,389.3845083155804,0.6774193548387096,1,1,2,Low Risk
92,45,Rural,silver,59,4.23,Morning,Premium,121,574.8939389332888,0.4891304347826087,1,1,2,Moderate Risk
58,32,Urban,gold,92,4.59,Afternoon,Premium,111,517.9444619823878,0.5517241379310345,1,1,2,Low Risk
58,20,Rural,silver,42,3.51,Evening,Economy,125,527.1792011771714,0.3448275862068966,0,0,1,Moderate Risk
36,7,Suburban,regular,26,4.35,Morning,Economy,59,201.4968308039421,0.1944444444444444,1,1,1,Moderate Risk
66,40,Rural,regular,93,4.86,Evening,Economy,153,627.0167510146084,0.6060606060606061,0,0,2,Low Risk
76,54,Urban,regular,58,4.05,Evening,Economy,74,218.6251778894482,0.7105263157894737,0,0,2,Moderate Risk
55,23,Urban,gold,46,4.58,Afternoon,Premium,150,654.676536309137,0.4181818181818181,1,1,2,Low Risk
21,8,Urban,regular,57,4.78,Night,Premium,84,293.5602166445157,0.3809523809523809,0,0,2,Low Risk
61,45,Rural,gold,42,4.25,Afternoon,Economy,102,421.98526198279467,0.7377049180327869,1,1,2,Moderate Risk
72,62,Suburban,regular,48,3.82,Evening,Economy,126,553.7408048680613,0.8611111111111112,0,0,1,Moderate Risk
65,18,Rural,gold,65,4.01,Morning,Economy,111,330.62430999065225,0.2769230769230769,1,1,2,Moderate Risk
20,8,Rural,silver,27,4.99,Morning,Economy,83,261.4451502998812,0.4,1,1,1,Moderate Risk
22,7,Suburban,silver,16,4.1,Night,Economy,147,520.0637873298249,0.3181818181818182,0,0,1,Moderate Risk
72,49,Suburban,gold,15,4.34,Night,Premium,19,117.63327810103034,0.6805555555555556,0,0,2,Moderate Risk
42,30,Urban,regular,26,4.79,Afternoon,Economy,138,493.0149508584995,0.7142857142857143,1,1,1,Moderate Risk
100,54,Suburban,regular,91,4.59,Night,Premium,61,203.1132957396489,0.54,0,0,2,Low Risk
87,32,Suburban,silver,38,4.76,Afternoon,Economy,114,421.7762985074602,0.367816091954023,1,1,1,Low Risk
36,8,Urban,gold,47,4.07,Afternoon,Economy,77,305.0088858607341,0.2222222222222222,1,1,2,Moderate Risk
70,38,Urban,silver,99,4.19,Morning,Economy,76,317.77188818101894,0.5428571428571428,1,1,2,Moderate Risk
41,7,Urban,gold,4,4.15,Night,Economy,83,364.9140560714328,0.1707317073170731,0,0,2,High Risk
59,40,Rural,gold,64,4.72,Night,Economy,157,398.3194964103068,0.6779661016949152,0,0,2,Low Risk
33,14,Urban,regular,38,4.89,Morning,Economy,127,461.3060120664082,0.4242424242424242,1,1,1,Low Risk
70,26,Urban,silver,15,3.67,Night,Premium,70,358.2348071386952,0.3714285714285714,0,0,1,Moderate Risk
45,7,Rural,regular,87,4.35,Evening,Economy,74,224.3071067625652,0.1555555555555555,0,0,2,Moderate Risk
98,71,Suburban,regular,83,4.55,Morning,Economy,139,558.3815496134125,0.7244897959183674,1,1,2,Low Risk
75,63,Urban,gold,42,4.55,Evening,Premium,138,660.4425622593634,0.84,0,0,2,Low Risk
100,34,Rural,gold,33,4.75,Night,Economy,156,537.4486716625657,0.34,0,0,2,Low Risk
76,23,Urban,silver,53,3.94,Evening,Economy,117,480.104370355134,0.3026315789473684,0,0,2,Moderate Risk
32,12,Urban,silver,69,3.68,Morning,Economy,55,162.28310451017555,0.375,1,1,2,Moderate Risk
35,23,Suburban,gold,58,3.78,Afternoon,Economy,164,638.0445145215127,0.6571428571428571,1,1,2,Moderate Risk
30,16,Suburban,gold,89,3.63,Afternoon,Economy,142,420.1110979571745,0.5333333333333333,1,1,2,Moderate Risk
75,56,Urban,regular,66,3.69,Evening,Premium,22,124.49060049402551,0.7466666666666667,0,0,2,Moderate Risk
25,6,Rural,regular,23,3.95,Morning,Premium,55,235.27811761739352,0.24,1,1,1,Moderate Risk
88,16,Suburban,gold,26,4.18,Morning,Economy,32,127.33149010162909,0.1818181818181818,1,1,2,Moderate Risk
43,26,Rural,silver,69,4.9,Evening,Economy,107,391.0269903920518,0.6046511627906976,0,0,2,Low Risk
39,20,Rural,silver,97,4.25,Morning,Economy,121,319.5430197104816,0.5128205128205128,1,1,2,Moderate Risk
77,63,Suburban,gold,72,4.56,Morning,Economy,113,380.2853707615285,0.8181818181818182,1,1,2,Low Risk
41,14,Suburban,silver,59,4.72,Morning,Premium,49,179.62342246641472,0.3414634146341463,1,1,2,Low Risk
51,20,Rural,silver,97,4.8,Morning,Economy,130,452.112640122952,0.392156862745098,1,1,2,Low Risk
30,10,Suburban,gold,86,4.95,Evening,Economy,149,565.6691466337952,0.3333333333333333,0,0,2,Low Risk
29,8,Urban,gold,52,4.68,Afternoon,Premium,121,402.1558775823215,0.2758620689655172,1,1,2,Low Risk
21,5,Rural,gold,8,4.44,Afternoon,Premium,159,689.8421599513094,0.238095238095238,1,1,2,Moderate Risk
50,15,Suburban,regular,62,4.51,Night,Economy,83,307.6469280930268,0.3,0,0,2,Low Risk
61,42,Rural,gold,11,3.72,Night,Economy,52,186.5262770863605,0.6885245901639344,0,0,2,Moderate Risk
67,5,Suburban,silver,81,4.53,Morning,Premium,14,91.06777716361007,0.0746268656716417,1,1,2,Low Risk
73,22,Suburban,regular,26,4.99,Night,Economy,33,143.8549860520897,0.3013698630136986,0,0,1,Moderate Risk
35,18,Urban,gold,27,3.82,Morning,Economy,158,553.837359075948,0.5142857142857142,1,1,2,Moderate Risk
96,58,Urban,silver,25,3.61,Morning,Economy,85,336.56848365859423,0.6041666666666666,1,1,1,Moderate Risk
38,28,Urban,gold,8,4.83,Morning,Economy,29,95.02020685904614,0.7368421052631579,1,1,2,Moderate Risk
75,28,Urban,gold,6,4.02,Evening,Premium,171,575.0117219060105,0.3733333333333333,0,0,2,High Risk
57,26,Suburban,silver,92,4.11,Afternoon,Premium,58,264.675747588135,0.4561403508771929,1,1,2,Moderate Risk
36,10,Rural,gold,65,3.54,Night,Economy,53,185.61792391524813,0.2777777777777778,0,0,2,Moderate Risk
73,27,Rural,gold,98,3.97,Evening,Economy,57,251.1556502722435,0.3698630136986301,0,0,2,Moderate Risk
68,29,Rural,gold,51,3.99,Evening,Economy,110,299.689056274687,0.4264705882352941,0,0,2,Moderate Risk
25,9,Rural,gold,11,3.58,Night,Economy,31,92.65681121424488,0.36,0,0,2,Moderate Risk
97,25,Urban,regular,95,4.91,Night,Premium,101,332.2293764400841,0.2577319587628865,0,0,2,Low Risk
30,7,Rural,regular,85,3.74,Evening,Economy,44,184.11208970364285,0.2333333333333333,0,0,2,Moderate Risk
83,7,Suburban,gold,24,4.9,Morning,Premium,24,124.5817744544144,0.0843373493975903,1,1,2,Moderate Risk
27,5,Rural,gold,2,4.3,Evening,Economy,22,60.98181721983856,0.1851851851851851,0,0,2,Moderate Risk
58,21,Suburban,gold,72,4.14,Afternoon,Economy,10,35.88598786056829,0.3620689655172414,1,1,2,Moderate Risk
32,15,Urban,gold,67,3.76,Evening,Premium,23,132.12301879164062,0.46875,0,0,2,Moderate Risk
76,8,Urban,gold,40,4.68,Afternoon,Economy,157,561.5796822292014,0.1052631578947368,1,1,2,Low Risk
21,9,Suburban,regular,38,4.54,Morning,Economy,179,546.3787898746884,0.4285714285714285,1,1,1,Low Risk
47,37,Urban,gold,53,4.69,Night,Economy,41,147.4597413359118,0.7872340425531915,0,0,2,Low Risk
33,20,Suburban,regular,97,4.13,Morning,Premium,169,668.8922140357987,0.6060606060606061,1,1,2,Moderate Risk
92,66,Rural,silver,26,3.56,Evening,Economy,19,62.06928479024478,0.717391304347826,0,0,1,Moderate Risk
24,7,Rural,silver,34,3.51,Afternoon,Premium,111,477.7411361723483,0.2916666666666667,1,1,1,Moderate Risk
75,9,Rural,gold,71,4.06,Night,Economy,150,411.0057654245888,0.12,0,0,2,Moderate Risk
89,76,Urban,gold,35,4.8,Night,Premium,177,650.2985711974341,0.8539325842696629,0,0,2,Low Risk
67,20,Urban,regular,42,4.13,Evening,Economy,68,243.22861759627588,0.2985074626865671,0,0,1,Moderate Risk
61,23,Suburban,silver,51,4.73,Evening,Premium,150,680.9330686248741,0.3770491803278688,0,0,2,Low Risk
80,67,Rural,regular,80,4.74,Night,Economy,147,432.30725774113824,0.8375,0,0,2,Low Risk
66,15,Suburban,gold,62,4.59,Night,Economy,161,720.729944900258,0.2272727272727272,0,0,2,Low Risk
39,12,Suburban,regular,54,3.77,Morning,Premium,176,510.4543750320455,0.3076923076923077,1,1,2,Moderate Risk
46,22,Urban,regular,9,4.33,Morning,Economy,128,522.7974318549136,0.4782608695652174,1,1,0,Moderate Risk
89,74,Rural,silver,41,4.89,Morning,Premium,115,432.16279228896633,0.8314606741573034,1,1,1,Low Risk
60,16,Urban,gold,56,4.33,Night,Premium,126,382.4570671338528,0.2666666666666666,0,0,2,Moderate Risk
58,13,Rural,regular,99,3.62,Morning,Premium,106,351.43931589566165,0.2241379310344827,1,1,2,Moderate Risk
68,16,Urban,silver,93,4.44,Morning,Premium,154,510.19578633034166,0.2352941176470588,1,1,2,Moderate Risk
45,19,Suburban,silver,71,3.72,Night,Economy,121,313.92644056486665,0.4222222222222222,0,0,2,Moderate Risk
91,61,Suburban,gold,100,4.88,Night,Economy,101,372.2298219510593,0.6703296703296703,0,0,2,Low Risk
39,12,Urban,regular,70,4.02,Morning,Premium,66,314.46800852423786,0.3076923076923077,1,1,2,Moderate Risk
97,9,Rural,gold,58,4.32,Evening,Premium,142,491.5779538643877,0.0927835051546391,0,0,2,Moderate Risk
42,18,Suburban,silver,39,3.94,Afternoon,Economy,128,527.1558943563921,0.4285714285714285,1,1,1,Moderate Risk
27,15,Urban,gold,11,3.77,Evening,Economy,111,432.849396942834,0.5555555555555556,0,0,2,Moderate Risk
67,48,Rural,regular,94,4.3,Evening,Premium,168,544.6027807887253,0.7164179104477612,0,0,2,Moderate Risk
69,51,Urban,regular,75,3.57,Night,Premium,136,470.18271352951473,0.7391304347826086,0,0,2,Moderate Risk
69,47,Urban,regular,65,4.22,Night,Economy,18,53.5391040086766,0.6811594202898551,0,0,2,Moderate Risk
93,18,Suburban,gold,34,3.54,Afternoon,Economy,80,352.0685727015968,0.1935483870967742,1,1,2,Moderate Risk
84,74,Suburban,regular,7,4.4,Afternoon,Premium,101,396.3698341114785,0.8809523809523809,1,1,0,Moderate Risk
96,48,Urban,gold,41,4.39,Morning,Economy,130,367.7829980600229,0.5,1,1,2,Moderate Risk
30,13,Suburban,gold,72,4.18,Night,Premium,113,352.9356730761453,0.4333333333333333,0,0,2,Moderate Risk
60,48,Suburban,regular,15,4.06,Morning,Economy,78,339.1055825696459,0.8,1,1,0,Moderate Risk
72,39,Urban,regular,39,3.77,Night,Premium,115,347.8959667426787,0.5416666666666666,0,0,1,Moderate Risk
31,13,Suburban,regular,82,4.63,Morning,Economy,108,469.2509135918648,0.4193548387096774,1,1,2,Low Risk
71,13,Rural,silver,60,4.3,Night,Premium,62,213.8430201203033,0.1830985915492957,0,0,2,Moderate Risk
91,61,Rural,silver,86,4.44,Morning,Premium,129,567.5392184514062,0.6703296703296703,1,1,2,Moderate Risk
91,60,Rural,gold,2,3.53,Evening,Premium,107,492.179013222281,0.6593406593406593,0,0,2,High Risk
32,6,Urban,silver,13,4.75,Afternoon,Economy,53,173.88747446193491,0.1875,1,1,1,Moderate Risk
23,10,Suburban,gold,47,4.84,Evening,Economy,125,418.10682439062094,0.4347826086956521,0,0,2,Low Risk
61,47,Suburban,silver,100,4.58,Night,Premium,157,658.3040013013618,0.7704918032786885,0,0,2,Low Risk
57,40,Urban,regular,78,3.62,Afternoon,Economy,171,764.5953413909641,0.7017543859649122,1,1,2,Moderate Risk
89,70,Suburban,gold,86,4.51,Afternoon,Economy,90,384.2092919756728,0.7865168539325843,1,1,2,Low Risk
64,45,Rural,gold,22,3.96,Night,Premium,118,404.6018875393623,0.703125,0,0,2,Moderate Risk
91,29,Urban,regular,82,3.73,Afternoon,Premium,90,446.81702579708536,0.3186813186813186,1,1,2,Moderate Risk
91,53,Suburban,gold,67,4.56,Night,Economy,50,158.1067231747087,0.5824175824175825,0,0,2,Low Risk
69,37,Suburban,regular,47,4.39,Evening,Premium,60,284.2362895344896,0.5362318840579711,0,0,1,Moderate Risk
71,61,Suburban,regular,79,3.85,Afternoon,Economy,147,591.2989763287625,0.8591549295774648,1,1,2,Moderate Risk
38,7,Rural,silver,28,3.85,Evening,Economy,12,36.00027803358747,0.1842105263157894,0,0,1,Moderate Risk
100,32,Suburban,regular,67,3.94,Evening,Premium,162,581.1370845965885,0.32,0,0,2,Moderate Risk
65,51,Suburban,gold,97,4.81,Night,Premium,144,588.1367698544636,0.7846153846153846,0,0,2,Low Risk
73,38,Urban,regular,91,4.23,Evening,Premium,86,400.2673330229722,0.5205479452054794,0,0,2,Moderate Risk
56,25,Suburban,regular,87,3.73,Evening,Premium,172,575.4102708388258,0.4464285714285714,0,0,2,Moderate Risk
75,55,Rural,silver,80,4.7,Morning,Economy,69,190.9788526811355,0.7333333333333333,1,1,2,Low Risk
97,21,Urban,regular,43,3.79,Afternoon,Premium,106,398.1593839328215,0.2164948453608247,1,1,1,Moderate Risk
94,71,Rural,regular,48,4.73,Night,Premium,169,770.8733244527833,0.7553191489361702,0,0,1,Low Risk
53,22,Urban,silver,28,4.99,Afternoon,Premium,64,211.0820229741896,0.4150943396226415,1,1,1,Moderate Risk
81,8,Rural,silver,78,4.8,Afternoon,Premium,141,618.4288567281086,0.0987654320987654,1,1,2,Low Risk
47,34,Rural,silver,87,3.53,Morning,Premium,170,739.2271199769044,0.723404255319149,1,1,2,Moderate Risk
80,48,Suburban,regular,13,4.44,Night,Economy,35,128.7410738814351,0.6,0,0,0,Moderate Risk
75,55,Rural,gold,54,4.73,Night,Premium,145,584.4917299915722,0.7333333333333333,0,0,2,Low Risk
89,12,Urban,silver,42,4.73,Afternoon,Economy,102,328.31398217312767,0.1348314606741573,1,1,1,Low Risk
30,13,Rural,gold,8,4.1,Afternoon,Economy,94,274.6803754439265,0.4333333333333333,1,1,2,High Risk
64,5,Rural,gold,91,4.34,Evening,Premium,21,108.2430435427408,0.078125,0,0,2,Moderate Risk
55,29,Suburban,gold,92,4.85,Morning,Economy,44,181.78093960037765,0.5272727272727272,1,1,2,Low Risk
94,76,Suburban,gold,26,4.7,Morning,Premium,94,405.317954516569,0.8085106382978723,1,1,2,Moderate Risk
53,28,Urban,gold,6,3.67,Evening,Economy,178,775.7916851510323,0.5283018867924528,0,0,2,High Risk
29,7,Suburban,regular,68,3.98,Morning,Economy,114,289.1296809487768,0.2413793103448276,1,1,2,Moderate Risk
29,17,Urban,silver,76,3.61,Morning,Economy,166,674.132847635612,0.5862068965517241,1,1,2,Moderate Risk
75,42,Suburban,silver,38,4.25,Afternoon,Economy,146,479.11995337350106,0.56,1,1,1,Moderate Risk
74,53,Suburban,regular,60,3.93,Night,Economy,162,676.4404324115253,0.7162162162162162,0,0,2,Moderate Risk
89,75,Urban,silver,10,4.91,Evening,Economy,16,54.44953818628992,0.8426966292134831,0,0,1,Moderate Risk
29,13,Suburban,gold,44,4.29,Evening,Premium,87,267.7404170012178,0.4482758620689655,0,0,2,Moderate Risk
40,20,Rural,silver,45,4.42,Evening,Premium,130,445.4842486108808,0.5,0,0,1,Moderate Risk
79,11,Urban,regular,1,4.35,Night,Premium,45,210.25675967194184,0.1392405063291139,0,0,0,Moderate Risk
98,87,Urban,gold,87,4.28,Afternoon,Premium,170,603.8458024755097,0.8877551020408163,1,1,2,Moderate Risk
95,76,Urban,regular,74,4.39,Night,Economy,118,464.9915827255092,0.8,0,0,2,Moderate Risk
79,13,Rural,gold,67,4.05,Evening,Premium,151,514.9363491532515,0.1645569620253164,0,0,2,Moderate Risk
38,22,Suburban,regular,18,4.17,Night,Premium,121,450.5387531372676,0.5789473684210527,0,0,0,Moderate Risk
83,41,Suburban,silver,48,3.64,Evening,Economy,176,741.3443926126964,0.4939759036144578,0,0,1,Moderate Risk
59,24,Suburban,regular,40,4.0,Afternoon,Premium,147,631.6312970255759,0.4067796610169492,1,1,1,Moderate Risk
51,11,Suburban,regular,72,3.62,Afternoon,Economy,16,71.21364105240121,0.2156862745098039,1,1,2,Moderate Risk
64,46,Rural,silver,51,5.0,Evening,Premium,29,144.60138253530263,0.71875,0,0,2,Low Risk
30,6,Rural,regular,93,3.81,Evening,Economy,129,505.92196882791006,0.2,0,0,2,Moderate Risk
60,15,Suburban,regular,95,4.84,Afternoon,Economy,180,726.3339146351499,0.25,1,1,2,Low Risk
75,51,Rural,regular,17,4.83,Afternoon,Premium,79,283.4132787585248,0.68,1,1,0,Moderate Risk
25,15,Suburban,regular,88,4.68,Afternoon,Premium,31,148.18648820169864,0.6,1,1,2,Low Risk
46,31,Suburban,gold,67,3.53,Morning,Economy,61,158.59209307103367,0.6739130434782609,1,1,2,Moderate Risk
48,11,Urban,regular,86,3.55,Night,Economy,15,57.89462608061131,0.2291666666666666,0,0,2,Moderate Risk
51,6,Rural,gold,64,4.57,Morning,Economy,34,142.5577269374603,0.1176470588235294,1,1,2,Low Risk
68,23,Suburban,gold,96,4.77,Morning,Economy,105,359.128113102171,0.3382352941176471,1,1,2,Low Risk
89,8,Suburban,silver,18,3.83,Morning,Economy,121,407.5520587692045,0.0898876404494382,1,1,1,Moderate Risk
84,55,Suburban,regular,1,4.47,Afternoon,Economy,146,487.3991192361553,0.6547619047619048,1,1,0,Moderate Risk
50,8,Rural,regular,25,3.8,Evening,Premium,13,89.61312852216915,0.16,0,0,1,Moderate Risk
99,40,Urban,gold,26,4.83,Evening,Premium,151,510.6580782397596,0.404040404040404,0,0,2,Moderate Risk
21,9,Urban,gold,91,4.82,Morning,Economy,47,171.6271185714875,0.4285714285714285,1,1,2,Low Risk
53,19,Suburban,silver,54,3.84,Evening,Economy,132,520.5653406452625,0.3584905660377358,0,0,2,Moderate Risk
60,16,Urban,gold,68,4.23,Night,Economy,108,458.096326804516,0.2666666666666666,0,0,2,Moderate Risk
32,22,Suburban,silver,9,4.68,Night,Premium,135,530.1491563778454,0.6875,0,0,1,Moderate Risk
51,25,Rural,regular,21,4.43,Evening,Premium,38,200.2582591219043,0.4901960784313725,0,0,1,Moderate Risk
22,5,Urban,regular,75,4.39,Night,Premium,19,128.0167601925525,0.2272727272727272,0,0,2,Moderate Risk
21,7,Rural,regular,6,4.96,Afternoon,Premium,180,836.1164185613576,0.3333333333333333,1,1,0,Moderate Risk
55,21,Rural,silver,49,4.59,Morning,Economy,111,471.0890518884983,0.3818181818181818,1,1,1,Low Risk
42,31,Rural,gold,32,4.75,Night,Economy,12,50.6401755820817,0.7380952380952381,0,0,2,Low Risk
86,26,Rural,silver,31,3.69,Afternoon,Economy,85,263.1611767019543,0.3023255813953488,1,1,1,Moderate Risk
48,18,Rural,silver,60,4.47,Afternoon,Premium,124,524.1655595085831,0.375,1,1,2,Moderate Risk
82,65,Urban,gold,43,4.8,Night,Premium,112,330.2265438250878,0.7926829268292683,0,0,2,Low Risk
63,48,Rural,regular,88,4.09,Morning,Economy,70,212.7407519371268,0.7619047619047619,1,1,2,Moderate Risk
44,24,Urban,regular,83,3.61,Night,Economy,13,48.92895253547415,0.5454545454545454,0,0,2,Moderate Risk
39,18,Suburban,gold,78,4.21,Afternoon,Economy,165,734.3951190125542,0.4615384615384615,1,1,2,Moderate Risk
23,7,Rural,gold,98,4.35,Morning,Economy,76,281.33950234360725,0.3043478260869565,1,1,2,Moderate Risk
31,7,Rural,silver,27,4.73,Morning,Premium,141,476.28985780068655,0.2258064516129032,1,1,1,Moderate Risk
44,7,Rural,regular,55,3.66,Night,Premium,103,490.3421583214189,0.1590909090909091,0,0,2,Moderate Risk
23,5,Urban,gold,92,3.71,Night,Economy,105,363.4447759027239,0.217391304347826,0,0,2,Moderate Risk
63,46,Urban,silver,36,4.59,Morning,Economy,18,49.83993575677632,0.7301587301587301,1,1,1,Low Risk
25,15,Urban,gold,15,4.18,Morning,Premium,176,516.8295590439432,0.6,1,1,2,Moderate Risk
27,11,Rural,regular,1,4.34,Night,Economy,99,262.6864663772181,0.4074074074074074,0,0,0,Moderate Risk
57,28,Urban,gold,27,4.58,Afternoon,Economy,107,423.5098573724167,0.4912280701754385,1,1,2,Moderate Risk
83,26,Suburban,gold,77,3.62,Night,Premium,74,373.975635759196,0.3132530120481928,0,0,2,Moderate Risk
80,5,Suburban,regular,53,3.67,Evening,Premium,48,184.24294467848267,0.0625,0,0,2,Moderate Risk
50,40,Rural,silver,61,4.7,Evening,Premium,73,319.11098294212263,0.8,0,0,2,Low Risk
84,8,Rural,gold,21,4.63,Night,Economy,172,549.2008068168793,0.0952380952380952,0,0,2,Moderate Risk
90,54,Rural,regular,1,3.59,Afternoon,Premium,87,427.8571629452071,0.6,1,1,0,High Risk
28,9,Urban,silver,68,4.82,Evening,Premium,43,164.316390505398,0.3214285714285714,0,0,2,Low Risk
97,64,Rural,silver,62,3.52,Morning,Premium,152,638.1340201838489,0.6597938144329897,1,1,2,Moderate Risk
99,22,Suburban,silver,7,4.4,Morning,Economy,39,131.44358716419623,0.2222222222222222,1,1,1,Moderate Risk
96,53,Rural,regular,58,4.28,Afternoon,Economy,21,55.6373707994896,0.5520833333333334,1,1,2,Moderate Risk
88,69,Rural,gold,89,3.6,Evening,Premium,107,467.92749485577286,0.7840909090909091,0,0,2,Moderate Risk
53,17,Rural,silver,78,4.03,Afternoon,Premium,26,120.24719290813758,0.320754716981132,1,1,2,Moderate Risk
28,14,Rural,silver,77,3.58,Afternoon,Economy,98,374.65518279544045,0.5,1,1,2,Moderate Risk
59,21,Rural,regular,97,3.6,Afternoon,Premium,67,269.44414015954374,0.3559322033898305,1,1,2,Moderate Risk
50,27,Suburban,gold,100,4.22,Morning,Premium,173,685.6696935694298,0.54,1,1,2,Moderate Risk
89,8,Urban,gold,40,3.59,Morning,Premium,151,528.0024896243917,0.0898876404494382,1,1,2,Moderate Risk
83,34,Urban,silver,96,4.71,Evening,Premium,176,812.0729938599545,0.4096385542168674,0,0,2,Low Risk
73,14,Urban,gold,28,4.31,Evening,Economy,29,118.97305838669006,0.1917808219178082,0,0,2,Moderate Risk
76,35,Suburban,regular,8,4.89,Afternoon,Premium,138,406.5899107855241,0.4605263157894737,1,1,0,Moderate Risk
56,35,Rural,silver,33,3.97,Morning,Economy,47,134.77582951421903,0.625,1,1,1,Moderate Risk
40,20,Rural,regular,11,4.4,Afternoon,Economy,83,343.79851998722387,0.5,1,1,0,Moderate Risk
27,6,Urban,silver,92,3.73,Night,Premium,125,460.2837624776103,0.2222222222222222,0,0,2,Moderate Risk
32,7,Urban,regular,79,4.05,Morning,Economy,83,306.390461217286,0.21875,1,1,2,Moderate Risk
48,24,Urban,silver,35,4.2,Night,Premium,51,251.4211394087152,0.5,0,0,1,Moderate Risk
71,41,Urban,gold,31,3.81,Afternoon,Premium,140,614.63671317069,0.5774647887323944,1,1,2,Moderate Risk
53,6,Rural,silver,74,4.12,Night,Economy,76,231.1651667910225,0.1132075471698113,0,0,2,Moderate Risk
87,44,Rural,silver,61,3.87,Evening,Premium,16,117.76366453355408,0.5057471264367817,0,0,2,Moderate Risk
36,16,Urban,regular,82,4.62,Afternoon,Premium,72,253.4912438007839,0.4444444444444444,1,1,2,Low Risk
39,20,Rural,gold,71,4.11,Morning,Economy,111,404.5983991889042,0.5128205128205128,1,1,2,Moderate Risk
91,81,Rural,gold,15,4.68,Evening,Premium,20,135.1772701347079,0.8901098901098901,0,0,2,Moderate Risk
31,18,Urban,regular,46,4.86,Night,Economy,128,360.8585507409454,0.5806451612903226,0,0,1,Low Risk
94,67,Suburban,silver,34,4.64,Night,Premium,64,231.3263184773236,0.7127659574468085,0,0,1,Low Risk
83,18,Urban,gold,12,4.98,Morning,Economy,81,286.409294385432,0.216867469879518,1,1,2,Moderate Risk
34,9,Urban,silver,65,4.69,Afternoon,Premium,107,508.7118174567975,0.2647058823529412,1,1,2,Low Risk
32,6,Rural,gold,75,4.47,Morning,Premium,154,721.7212691270341,0.1875,1,1,2,Moderate Risk
22,7,Urban,gold,15,3.53,Evening,Premium,180,552.2693747461685,0.3181818181818182,0,0,2,Moderate Risk
49,20,Rural,silver,52,4.74,Afternoon,Premium,162,510.62689141008207,0.4081632653061224,1,1,2,Low Risk
61,38,Urban,silver,95,3.5,Night,Economy,164,415.9794524398186,0.6229508196721312,0,0,2,Moderate Risk
21,9,Urban,gold,48,4.4,Afternoon,Premium,152,660.0597080304599,0.4285714285714285,1,1,2,Moderate Risk
40,18,Urban,silver,16,4.59,Afternoon,Premium,157,644.0445755475266,0.45,1,1,1,Moderate Risk
22,6,Urban,silver,82,4.3,Morning,Premium,172,710.884313751738,0.2727272727272727,1,1,2,Moderate Risk
34,11,Suburban,gold,66,4.59,Morning,Economy,134,478.20015364109577,0.3235294117647059,1,1,2,Low Risk
56,31,Rural,silver,9,4.79,Afternoon,Premium,167,744.4180991800615,0.5535714285714286,1,1,1,Moderate Risk
93,36,Urban,gold,60,4.63,Afternoon,Economy,111,478.7697584495512,0.3870967741935484,1,1,2,Low Risk
38,9,Suburban,gold,57,4.26,Morning,Premium,16,104.0560727191975,0.2368421052631578,1,1,2,Moderate Risk
76,26,Suburban,silver,74,4.18,Evening,Premium,159,486.1839276370279,0.3421052631578947,0,0,2,Moderate Risk
47,24,Suburban,silver,11,3.62,Night,Premium,148,657.0936874279021,0.5106382978723404,0,0,1,Moderate Risk
64,10,Urban,silver,62,4.98,Evening,Economy,38,96.3007413779792,0.15625,0,0,2,Low Risk
56,10,Rural,gold,28,3.8,Afternoon,Economy,144,609.9082747031204,0.1785714285714285,1,1,2,Moderate Risk
44,25,Rural,silver,32,4.43,Night,Premium,154,502.1012063441772,0.5681818181818182,0,0,1,Moderate Risk
34,6,Rural,regular,11,3.75,Morning,Economy,179,465.719058488387,0.1764705882352941,1,1,0,Moderate Risk
45,18,Suburban,silver,70,3.84,Night,Economy,122,308.43591786214927,0.4,0,0,2,Moderate Risk
31,7,Rural,regular,22,4.88,Afternoon,Premium,172,806.0212701919081,0.2258064516129032,1,1,1,Moderate Risk
95,28,Rural,regular,34,4.48,Evening,Economy,163,576.9675719994219,0.2947368421052631,0,0,1,Moderate Risk
82,59,Rural,regular,39,3.5,Night,Premium,67,284.2944207006542,0.7195121951219512,0,0,1,Moderate Risk
95,38,Urban,silver,39,3.71,Afternoon,Premium,97,478.3662772118347,0.4,1,1,1,Moderate Risk
27,12,Suburban,silver,1,4.93,Evening,Economy,41,119.4823999754907,0.4444444444444444,0,0,1,Moderate Risk
94,23,Suburban,regular,71,4.15,Night,Premium,154,532.5097779421501,0.2446808510638297,0,0,2,Moderate Risk
66,15,Urban,silver,88,4.21,Evening,Premium,65,291.9008795114952,0.2272727272727272,0,0,2,Moderate Risk
40,6,Rural,gold,37,4.75,Afternoon,Premium,148,707.8553931548287,0.15,1,1,2,Low Risk
56,27,Suburban,silver,62,4.74,Evening,Premium,129,435.7154538108565,0.4821428571428571,0,0,2,Low Risk
54,6,Suburban,gold,48,4.26,Morning,Economy,154,504.0841142440527,0.1111111111111111,1,1,2,Moderate Risk
46,15,Suburban,silver,96,4.69,Morning,Premium,116,497.3770093020007,0.3260869565217391,1,1,2,Low Risk
65,16,Suburban,silver,82,3.62,Evening,Premium,146,460.8002858653508,0.2461538461538461,0,0,2,Moderate Risk
96,48,Urban,gold,11,4.19,Night,Economy,79,272.4960775620536,0.5,0,0,2,Moderate Risk
47,9,Suburban,gold,88,4.06,Night,Economy,93,246.9535423209308,0.1914893617021276,0,0,2,Moderate Risk
20,7,Urban,silver,55,4.43,Night,Economy,153,482.7422075016093,0.35,0,0,2,Moderate Risk
94,57,Suburban,regular,13,4.04,Afternoon,Economy,60,205.495759583372,0.6063829787234043,1,1,0,Moderate Risk
52,30,Suburban,silver,25,3.67,Night,Economy,142,531.6062153403296,0.5769230769230769,0,0,1,Moderate Risk
71,6,Suburban,gold,48,4.05,Afternoon,Economy,157,550.9983736824666,0.0845070422535211,1,1,2,Moderate Risk
46,8,Rural,gold,39,3.97,Evening,Premium,123,396.9586997774456,0.1739130434782608,0,0,2,Moderate Risk
53,40,Urban,regular,13,3.79,Night,Economy,118,318.2115758092651,0.7547169811320755,0,0,0,Moderate Risk
26,11,Urban,regular,97,3.64,Morning,Economy,141,427.0550612068028,0.4230769230769231,1,1,2,Moderate Risk
100,46,Suburban,gold,74,3.74,Afternoon,Economy,171,448.31285347772814,0.46,1,1,2,Moderate Risk
74,38,Urban,regular,95,5.0,Evening,Economy,167,455.4083398759809,0.5135135135135135,0,0,2,Low Risk
53,5,Rural,gold,100,4.46,Night,Premium,33,179.17081970350634,0.0943396226415094,0,0,2,Moderate Risk
75,63,Urban,gold,24,4.18,Afternoon,Economy,29,104.18588264010208,0.84,1,1,2,Moderate Risk
44,9,Suburban,regular,54,4.2,Morning,Premium,13,91.67748868757226,0.2045454545454545,1,1,2,Moderate Risk
76,60,Suburban,regular,81,3.6,Evening,Premium,72,264.08573637935564,0.7894736842105263,0,0,2,Moderate Risk
88,18,Suburban,silver,80,4.83,Evening,Economy,109,424.65693227127065,0.2045454545454545,0,0,2,Low Risk
54,35,Rural,gold,95,4.98,Evening,Premium,61,218.9504185416184,0.6481481481481481,0,0,2,Low Risk
49,30,Urban,regular,7,3.97,Afternoon,Premium,77,248.1703336422785,0.6122448979591837,1,1,0,High Risk
25,8,Urban,silver,11,4.0,Afternoon,Economy,109,422.4367392307234,0.32,1,1,1,Moderate Risk
36,18,Suburban,gold,15,4.21,Afternoon,Economy,86,280.5240756909656,0.5,1,1,2,Moderate Risk
42,25,Suburban,silver,44,4.99,Morning,Premium,122,565.9834811108678,0.5952380952380952,1,1,1,Low Risk
29,14,Rural,gold,2,4.69,Night,Premium,180,828.2131345744126,0.4827586206896552,0,0,2,Moderate Risk
52,16,Urban,silver,63,4.13,Morning,Economy,49,132.84680584297232,0.3076923076923077,1,1,2,Moderate Risk
37,6,Rural,gold,59,4.73,Evening,Economy,20,86.17345483820148,0.1621621621621621,0,0,2,Low Risk
91,17,Rural,gold,21,4.84,Afternoon,Premium,149,545.3868063047398,0.1868131868131868,1,1,2,Moderate Risk
29,8,Rural,silver,79,4.26,Morning,Premium,133,531.0619846358322,0.2758620689655172,1,1,2,Moderate Risk
62,45,Rural,regular,87,4.74,Afternoon,Premium,20,108.6023564641184,0.7258064516129032,1,1,2,Low Risk
69,7,Urban,regular,51,4.56,Afternoon,Premium,103,462.66304412150464,0.1014492753623188,1,1,2,Low Risk
32,14,Suburban,silver,80,3.56,Afternoon,Premium,80,254.9510771161675,0.4375,1,1,2,Moderate Risk
78,31,Urban,gold,6,3.78,Evening,Premium,64,271.0126649576171,0.3974358974358974,0,0,2,High Risk
53,10,Rural,silver,10,3.58,Evening,Economy,168,424.48842846396354,0.1886792452830188,0,0,1,Moderate Risk
60,50,Suburban,silver,54,4.57,Afternoon,Premium,38,151.77728650517233,0.8333333333333334,1,1,2,Low Risk
97,58,Urban,gold,1,4.11,Morning,Premium,83,383.0749064097095,0.5979381443298969,1,1,2,High Risk
87,77,Urban,gold,12,3.56,Night,Premium,11,97.78450586126137,0.8850574712643678,0,0,2,Moderate Risk
74,20,Rural,silver,68,4.36,Night,Economy,32,119.59407325541466,0.2702702702702703,0,0,2,Moderate Risk
90,58,Urban,gold,1,4.7,Afternoon,Premium,21,126.57277068445282,0.6444444444444445,1,1,2,Moderate Risk
21,8,Rural,regular,69,4.24,Afternoon,Premium,176,829.5343798843528,0.3809523809523809,1,1,2,Moderate Risk
70,35,Urban,silver,35,4.9,Night,Premium,108,418.815349545453,0.5,0,0,1,Low Risk
37,7,Suburban,regular,1,3.92,Evening,Economy,62,233.21310275336955,0.1891891891891892,0,0,0,High Risk
30,11,Rural,gold,93,3.56,Night,Premium,155,701.141472496938,0.3666666666666666,0,0,2,Moderate Risk
64,22,Urban,regular,26,4.24,Evening,Premium,115,388.72966746525947,0.34375,0,0,1,Moderate Risk
40,23,Urban,silver,6,3.96,Night,Economy,178,528.60807288888,0.575,0,0,1,High Risk
28,18,Urban,gold,100,3.62,Afternoon,Premium,92,382.03843862699455,0.6428571428571429,1,1,2,Moderate Risk
85,19,Rural,gold,17,3.69,Morning,Economy,164,587.331264277609,0.2235294117647059,1,1,2,Moderate Risk
92,77,Urban,gold,100,4.26,Night,Economy,47,167.7398193291184,0.8369565217391305,0,0,2,Moderate Risk
93,56,Suburban,regular,56,4.65,Evening,Premium,86,304.8360144837103,0.6021505376344086,0,0,2,Low Risk
36,25,Rural,regular,26,3.57,Afternoon,Economy,122,354.1540979676975,0.6944444444444444,1,1,1,Moderate Risk
94,50,Suburban,regular,88,4.95,Night,Premium,49,250.4603273046531,0.5319148936170213,0,0,2,Low Risk
27,8,Rural,gold,48,4.18,Afternoon,Economy,167,495.2197782062817,0.2962962962962963,1,1,2,Moderate Risk
86,41,Rural,regular,96,4.5,Morning,Premium,68,301.5483736351267,0.4767441860465116,1,1,2,Low Risk
22,11,Rural,regular,39,4.63,Evening,Economy,101,433.03454356764814,0.5,0,0,1,Low Risk
95,56,Rural,silver,86,3.79,Morning,Premium,147,671.4712089285143,0.5894736842105263,1,1,2,Moderate Risk
99,89,Urban,silver,63,4.84,Afternoon,Economy,16,49.71329085631081,0.898989898989899,1,1,2,Low Risk
22,8,Rural,regular,4,4.84,Morning,Economy,122,408.129769999122,0.3636363636363636,1,1,0,Moderate Risk
100,85,Suburban,silver,59,4.46,Evening,Economy,110,329.4837131421355,0.85,0,0,2,Moderate Risk
61,38,Rural,silver,100,4.34,Evening,Premium,78,383.3178042225475,0.6229508196721312,0,0,2,Moderate Risk
33,18,Suburban,gold,7,4.01,Night,Economy,105,313.06815696851334,0.5454545454545454,0,0,2,High Risk
39,22,Rural,gold,63,3.87,Evening,Premium,170,706.6896358975697,0.5641025641025641,0,0,2,Moderate Risk
37,5,Urban,silver,75,3.88,Evening,Premium,26,142.6153122038585,0.1351351351351351,0,0,2,Moderate Risk
95,53,Suburban,silver,6,4.01,Afternoon,Premium,158,708.8224028092762,0.5578947368421052,1,1,1,High Risk
28,6,Suburban,gold,54,4.03,Afternoon,Premium,168,593.065918046481,0.2142857142857142,1,1,2,Moderate Risk
66,17,Urban,gold,84,4.47,Night,Economy,139,604.3834014812801,0.2575757575757575,0,0,2,Moderate Risk
60,11,Suburban,gold,18,4.29,Evening,Economy,26,100.2582627032478,0.1833333333333333,0,0,2,Moderate Risk
94,34,Suburban,gold,99,4.54,Afternoon,Premium,155,685.7612504810801,0.3617021276595745,1,1,2,Low Risk
63,12,Urban,silver,54,4.47,Evening,Premium,140,446.41301231617626,0.1904761904761904,0,0,2,Moderate Risk
38,8,Suburban,silver,59,4.44,Night,Premium,75,291.107936848218,0.2105263157894736,0,0,2,Moderate Risk
35,21,Suburban,silver,13,4.14,Morning,Premium,36,193.64239387562827,0.6,1,1,1,Moderate Risk
83,64,Suburban,gold,78,4.01,Evening,Economy,109,304.52612995371493,0.7710843373493976,0,0,2,Moderate Risk
62,14,Rural,silver,33,4.23,Morning,Premium,85,386.834933294766,0.2258064516129032,1,1,1,Moderate Risk
88,48,Urban,gold,52,4.52,Night,Economy,92,230.83258579661484,0.5454545454545454,0,0,2,Low Risk
68,11,Rural,silver,89,3.66,Evening,Economy,93,333.9106726820272,0.1617647058823529,0,0,2,Moderate Risk
84,64,Urban,regular,34,4.13,Evening,Premium,99,353.8098038704909,0.7619047619047619,0,0,1,Moderate Risk
40,10,Urban,regular,60,3.87,Night,Premium,79,293.19813425701705,0.25,0,0,2,Moderate Risk
93,20,Urban,regular,38,4.78,Afternoon,Premium,144,447.083068843808,0.2150537634408602,1,1,1,Low Risk
57,44,Urban,gold,78,3.53,Evening,Economy,153,584.888884974888,0.7719298245614035,0,0,2,Moderate Risk
67,16,Suburban,gold,24,4.52,Evening,Premium,150,488.1872511532145,0.2388059701492537,0,0,2,Moderate Risk
68,16,Urban,silver,91,4.49,Night,Economy,77,246.7577555097292,0.2352941176470588,0,0,2,Moderate Risk
38,22,Urban,gold,60,3.6,Morning,Premium,104,312.1731588463509,0.5789473684210527,1,1,2,Moderate Risk
49,28,Urban,silver,61,3.9,Evening,Premium,172,576.281119337865,0.5714285714285714,0,0,2,Moderate Risk
98,59,Urban,regular,55,4.6,Morning,Economy,100,381.391205400882,0.6020408163265306,1,1,2,Low Risk
47,9,Suburban,gold,38,4.06,Morning,Economy,141,543.7702542024564,0.1914893617021276,1,1,2,Moderate Risk
27,11,Urban,regular,97,4.78,Evening,Premium,137,472.5224037960476,0.4074074074074074,0,0,2,Low Risk
59,29,Urban,regular,68,4.4,Night,Premium,88,286.05897011629656,0.4915254237288136,0,0,2,Moderate Risk
56,20,Urban,regular,74,4.05,Evening,Economy,25,88.95619552388446,0.3571428571428571,0,0,2,Moderate Risk
50,39,Urban,gold,62,3.95,Morning,Premium,135,646.9811778631195,0.78,1,1,2,Moderate Risk
93,37,Urban,gold,37,4.75,Night,Economy,76,292.9246564000302,0.3978494623655914,0,0,2,Low Risk
46,22,Rural,regular,97,3.51,Morning,Economy,100,395.769846813748,0.4782608695652174,1,1,2,Moderate Risk
56,19,Suburban,silver,16,4.46,Evening,Premium,86,279.6798100890559,0.3392857142857143,0,0,1,Moderate Risk
37,16,Suburban,gold,8,4.5,Evening,Economy,46,192.50297743378897,0.4324324324324324,0,0,2,Moderate Risk
85,58,Urban,regular,85,4.1,Night,Premium,92,351.77029329216225,0.6823529411764706,0,0,2,Moderate Risk
27,7,Urban,regular,89,3.6,Morning,Premium,120,555.4019371049674,0.2592592592592592,1,1,2,Moderate Risk
44,16,Rural,silver,31,3.96,Night,Premium,122,395.3781570382596,0.3636363636363636,0,0,1,Moderate Risk
75,51,Suburban,regular,68,3.65,Afternoon,Premium,66,261.5103067801241,0.68,1,1,2,Moderate Risk
21,11,Urban,gold,46,3.84,Morning,Economy,103,397.5648404411393,0.5238095238095238,1,1,2,Moderate Risk
42,29,Suburban,silver,67,4.59,Morning,Premium,153,735.2764383329761,0.6904761904761905,1,1,2,Low Risk
25,15,Suburban,silver,100,4.9,Night,Premium,94,289.4570095389695,0.6,0,0,2,Low Risk
67,46,Suburban,regular,92,4.72,Morning,Economy,32,97.6750013649232,0.6865671641791045,1,1,2,Low Risk
29,6,Suburban,silver,24,4.37,Afternoon,Economy,50,197.46392160702555,0.2068965517241379,1,1,1,Moderate Risk
100,70,Urban,gold,42,4.9,Night,Premium,167,762.8822843495781,0.7,0,0,2,Low Risk
37,10,Suburban,gold,27,4.26,Afternoon,Economy,143,512.44939271165,0.2702702702702703,1,1,2,Moderate Risk
31,14,Urban,gold,37,4.3,Night,Premium,103,484.4661863877365,0.4516129032258064,0,0,2,Moderate Risk
49,12,Suburban,silver,30,4.37,Afternoon,Premium,84,353.01840875622844,0.2448979591836734,1,1,1,Moderate Risk
42,19,Rural,regular,56,4.84,Evening,Premium,144,539.7316715337728,0.4523809523809524,0,0,2,Low Risk
61,5,Rural,regular,48,4.15,Morning,Economy,29,114.16365482248573,0.081967213114754,1,1,1,Moderate Risk
24,7,Suburban,gold,85,4.36,Night,Economy,169,521.4080460440558,0.2916666666666667,0,0,2,Moderate Risk
20,10,Rural,regular,18,4.28,Evening,Premium,123,450.3878805106937,0.5,0,0,0,Moderate Risk
22,9,Urban,silver,36,4.51,Evening,Premium,10,82.69156896202661,0.4090909090909091,0,0,1,Low Risk
98,87,Suburban,regular,59,4.26,Afternoon,Economy,13,34.57409278115731,0.8877551020408163,1,1,2,Moderate Risk
30,14,Urban,silver,64,4.45,Afternoon,Economy,147,535.1718879088473,0.4666666666666667,1,1,2,Moderate Risk
32,13,Urban,regular,75,4.56,Evening,Premium,111,333.4011668412356,0.40625,0,0,2,Low Risk
22,12,Urban,silver,49,4.88,Night,Premium,35,179.8388198801664,0.5454545454545454,0,0,1,Low Risk
62,8,Urban,silver,13,4.2,Night,Premium,65,241.9912178461052,0.1290322580645161,0,0,1,Moderate Risk
51,27,Urban,gold,8,4.31,Night,Economy,92,369.3803924019288,0.5294117647058824,0,0,2,Moderate Risk
85,74,Suburban,regular,82,3.92,Evening,Premium,177,704.3001292247022,0.8705882352941177,0,0,2,Moderate Risk
28,9,Urban,silver,26,3.95,Night,Premium,114,466.9720738288303,0.3214285714285714,0,0,1,Moderate Risk
93,70,Suburban,silver,21,3.81,Evening,Economy,12,41.12164471941277,0.7526881720430108,0,0,1,Moderate Risk
36,9,Suburban,silver,53,4.46,Night,Premium,127,404.02979977887577,0.25,0,0,2,Moderate Risk
80,22,Rural,gold,17,4.4,Morning,Economy,141,423.75441798529033,0.275,1,1,2,Moderate Risk
60,24,Rural,regular,18,4.16,Morning,Premium,45,165.72466245477892,0.4,1,1,0,Moderate Risk
97,45,Urban,silver,90,3.71,Morning,Premium,151,578.8213877560842,0.4639175257731959,1,1,2,Moderate Risk
53,14,Suburban,silver,24,3.99,Afternoon,Premium,161,707.4493979183783,0.2641509433962264,1,1,1,Moderate Risk
79,22,Rural,silver,53,3.96,Evening,Premium,126,542.8095730212775,0.2784810126582278,0,0,2,Moderate Risk
44,24,Urban,silver,55,4.08,Afternoon,Premium,137,513.9900766589533,0.5454545454545454,1,1,2,Moderate Risk
34,12,Suburban,regular,3,4.83,Night,Premium,62,298.3556200090825,0.3529411764705882,0,0,0,Moderate Risk
55,12,Urban,silver,96,4.66,Morning,Premium,48,183.2701656673754,0.2181818181818181,1,1,2,Low Risk
49,29,Suburban,regular,35,4.8,Evening,Premium,160,468.3069201504469,0.5918367346938775,0,0,1,Low Risk
72,54,Rural,regular,68,3.85,Afternoon,Economy,74,220.4983368386397,0.75,1,1,2,Moderate Risk
72,27,Urban,gold,76,3.97,Morning,Premium,70,265.94661511348426,0.375,1,1,2,Moderate Risk
99,6,Suburban,gold,49,4.32,Afternoon,Economy,113,311.4894374116108,0.0606060606060606,1,1,2,Moderate Risk
21,10,Rural,regular,22,4.42,Morning,Economy,151,647.8477765247827,0.4761904761904761,1,1,1,Moderate Risk
50,25,Urban,silver,89,4.74,Afternoon,Economy,107,383.9141419544756,0.5,1,1,2,Low Risk
61,35,Rural,silver,4,4.77,Morning,Premium,115,557.916185756397,0.5737704918032787,1,1,1,Moderate Risk
24,5,Rural,silver,57,4.96,Night,Premium,70,228.7960083986281,0.2083333333333333,0,0,2,Low Risk
31,17,Rural,silver,71,4.46,Evening,Premium,55,237.76862211931405,0.5483870967741935,0,0,2,Moderate Risk
35,20,Suburban,regular,62,3.55,Afternoon,Economy,117,297.0874038526085,0.5714285714285714,1,1,2,Moderate Risk
74,30,Urban,regular,97,3.9,Evening,Economy,179,794.3231511066332,0.4054054054054054,0,0,2,Moderate Risk
94,61,Urban,regular,12,4.95,Evening,Premium,133,563.8497971641384,0.648936170212766,0,0,0,Moderate Risk
44,11,Rural,silver,31,3.92,Afternoon,Premium,110,339.2870734791633,0.25,1,1,1,Moderate Risk
84,37,Urban,gold,3,3.83,Evening,Premium,69,248.9476553705649,0.4404761904761904,0,0,2,High Risk
27,12,Suburban,regular,39,4.51,Morning,Premium,55,279.2686999169939,0.4444444444444444,1,1,1,Low Risk
59,36,Suburban,regular,43,3.74,Evening,Premium,25,145.04223833476908,0.6101694915254238,0,0,1,Moderate Risk
82,20,Urban,regular,59,3.99,Night,Premium,45,241.8259564507362,0.2439024390243902,0,0,2,Moderate Risk
24,10,Urban,gold,24,4.09,Morning,Premium,97,430.60985477056624,0.4166666666666667,1,1,2,Moderate Risk
84,67,Suburban,regular,48,4.87,Night,Economy,81,219.99370680056552,0.7976190476190477,0,0,1,Low Risk
52,9,Suburban,regular,24,4.19,Morning,Economy,102,366.7282586383836,0.173076923076923,1,1,1,Moderate Risk
38,12,Rural,silver,44,4.85,Evening,Economy,110,356.8814026432877,0.3157894736842105,0,0,1,Low Risk
26,12,Urban,regular,80,4.27,Afternoon,Economy,134,441.4714772887345,0.4615384615384615,1,1,2,Moderate Risk
61,39,Suburban,regular,82,4.49,Morning,Premium,46,230.1431447581205,0.639344262295082,1,1,2,Moderate Risk
87,41,Rural,gold,97,4.27,Afternoon,Premium,37,158.89198003545,0.4712643678160919,1,1,2,Moderate Risk
98,46,Suburban,gold,55,4.71,Evening,Economy,173,766.9193242115463,0.4693877551020408,0,0,2,Low Risk
24,13,Urban,silver,54,4.09,Morning,Economy,161,466.7229822330101,0.5416666666666666,1,1,2,Moderate Risk
44,8,Urban,gold,43,3.82,Night,Economy,86,233.50662384935427,0.1818181818181818,0,0,2,Moderate Risk
71,59,Urban,regular,71,4.47,Evening,Economy,31,104.1037337805616,0.8309859154929577,0,0,2,Moderate Risk
91,59,Urban,silver,68,4.77,Night,Economy,15,38.33576819209958,0.6483516483516484,0,0,2,Low Risk
32,14,Urban,gold,75,4.49,Night,Economy,177,761.0167600703148,0.4375,0,0,2,Moderate Risk
79,24,Urban,silver,0,4.26,Evening,Economy,82,284.8625062809567,0.3037974683544304,0,0,1,Moderate Risk
73,27,Urban,regular,55,4.27,Morning,Premium,50,216.06019585156733,0.3698630136986301,1,1,2,Moderate Risk
32,16,Rural,silver,80,4.78,Morning,Economy,11,39.37370119886104,0.5,1,1,2,Low Risk
22,10,Rural,silver,5,4.44,Morning,Premium,129,471.7821019342959,0.4545454545454545,1,1,1,Moderate Risk
35,19,Urban,silver,45,4.99,Afternoon,Economy,159,508.6730024657942,0.5428571428571428,1,1,1,Low Risk
24,10,Suburban,regular,79,4.3,Night,Economy,24,95.11851081754354,0.4166666666666667,0,0,2,Moderate Risk
67,31,Rural,gold,64,3.62,Night,Economy,169,735.1444900755255,0.4626865671641791,0,0,2,Moderate Risk
100,73,Urban,silver,95,3.98,Night,Premium,100,456.60307303079816,0.73,0,0,2,Moderate Risk
66,16,Urban,silver,94,4.52,Morning,Economy,34,122.24187517858556,0.2424242424242424,1,1,2,Low Risk
96,36,Urban,regular,57,4.06,Evening,Premium,139,599.8171406236374,0.375,0,0,2,Moderate Risk
60,8,Urban,regular,68,4.84,Morning,Premium,144,438.5186068324803,0.1333333333333333,1,1,2,Low Risk
92,31,Rural,silver,54,3.91,Night,Premium,148,516.1330392078827,0.3369565217391304,0,0,2,Moderate Risk
92,49,Urban,silver,9,4.23,Evening,Premium,89,397.4831040703401,0.532608695652174,0,0,1,Moderate Risk
56,37,Urban,silver,27,4.12,Afternoon,Premium,68,317.8400260939533,0.6607142857142857,1,1,1,Moderate Risk
88,71,Rural,regular,42,4.87,Afternoon,Premium,109,330.78364034759613,0.8068181818181818,1,1,1,Low Risk
87,47,Rural,silver,6,4.54,Morning,Premium,162,743.3166378180009,0.5402298850574713,1,1,1,Moderate Risk
85,6,Suburban,gold,92,4.11,Afternoon,Economy,73,274.1712773124912,0.0705882352941176,1,1,2,Moderate Risk
98,54,Rural,regular,34,4.57,Evening,Premium,113,462.4075929220183,0.5510204081632653,0,0,1,Low Risk
28,14,Rural,regular,24,4.2,Afternoon,Economy,147,533.0802632142761,0.5,1,1,1,Moderate Risk
36,9,Suburban,silver,22,3.51,Night,Premium,37,143.2178421949143,0.25,0,0,1,Moderate Risk
20,8,Suburban,silver,38,4.82,Night,Premium,155,574.9456425421428,0.4,0,0,1,Low Risk
94,36,Rural,regular,41,4.57,Morning,Economy,76,215.741761640662,0.3829787234042553,1,1,1,Low Risk
94,82,Suburban,gold,48,4.92,Morning,Premium,20,129.7685299495176,0.8723404255319149,1,1,2,Low Risk
70,7,Urban,regular,13,4.09,Afternoon,Economy,117,321.0007657787772,0.1,1,1,0,Moderate Risk
90,71,Suburban,regular,37,3.51,Morning,Premium,32,172.59277503910292,0.7888888888888889,1,1,1,Moderate Risk
42,10,Urban,silver,56,4.01,Night,Premium,95,455.20978516158993,0.238095238095238,0,0,2,Moderate Risk
44,18,Suburban,gold,88,3.67,Night,Premium,50,199.8397440906976,0.4090909090909091,0,0,2,Moderate Risk
60,16,Suburban,regular,28,3.91,Evening,Economy,105,281.0970650985199,0.2666666666666666,0,0,1,Moderate Risk
26,5,Rural,silver,7,4.75,Afternoon,Premium,140,413.54800185803066,0.1923076923076923,1,1,1,Moderate Risk
79,13,Rural,regular,6,4.63,Afternoon,Economy,38,134.09432585149492,0.1645569620253164,1,1,0,Moderate Risk
26,8,Rural,gold,65,3.58,Night,Premium,89,378.50396161301137,0.3076923076923077,0,0,2,Moderate Risk
62,7,Urban,silver,2,4.71,Morning,Premium,28,162.05358553352147,0.1129032258064516,1,1,1,Moderate Risk
42,16,Rural,gold,33,3.63,Morning,Economy,166,513.1161277813304,0.3809523809523809,1,1,2,Moderate Risk
57,16,Urban,regular,0,3.95,Afternoon,Economy,97,308.6385554813678,0.2807017543859649,1,1,0,High Risk
33,13,Rural,gold,34,4.78,Morning,Economy,66,239.08854651007988,0.3939393939393939,1,1,2,Low Risk
22,10,Rural,regular,26,4.97,Morning,Economy,170,562.1650160715976,0.4545454545454545,1,1,1,Moderate Risk
67,44,Urban,regular,27,4.69,Morning,Economy,129,467.0198948894929,0.6567164179104478,1,1,1,Moderate Risk
62,15,Suburban,silver,15,4.28,Night,Economy,73,327.43334173812747,0.2419354838709677,0,0,1,Moderate Risk
95,49,Rural,regular,92,4.27,Night,Premium,99,332.0936161256213,0.5157894736842106,0,0,2,Moderate Risk
61,36,Urban,silver,72,4.64,Night,Premium,109,457.0853188522962,0.5901639344262295,0,0,2,Low Risk
48,12,Rural,silver,25,4.26,Night,Economy,180,552.8162271192283,0.25,0,0,1,Moderate Risk
93,59,Rural,regular,30,4.11,Afternoon,Premium,89,281.0521288708149,0.6344086021505376,1,1,1,Moderate Risk
59,18,Urban,gold,67,3.86,Morning,Economy,98,288.3451530321269,0.3050847457627119,1,1,2,Moderate Risk
95,73,Urban,regular,20,3.59,Evening,Premium,138,666.8242060496077,0.7684210526315789,0,0,1,Moderate Risk
71,33,Suburban,regular,4,4.88,Evening,Premium,109,436.0192372930386,0.4647887323943662,0,0,0,Moderate Risk
20,7,Suburban,gold,71,3.83,Morning,Premium,51,248.22030676592635,0.35,1,1,2,Moderate Risk
23,7,Urban,gold,96,3.97,Afternoon,Premium,165,493.2338839519256,0.3043478260869565,1,1,2,Moderate Risk
80,69,Suburban,silver,94,4.44,Night,Economy,74,291.5110820764234,0.8625,0,0,2,Moderate Risk
58,10,Urban,gold,51,4.27,Night,Premium,138,459.0606514814432,0.1724137931034483,0,0,2,Moderate Risk
71,25,Urban,gold,72,4.46,Evening,Economy,169,603.9358824371426,0.352112676056338,0,0,2,Moderate Risk
69,26,Rural,gold,48,4.28,Evening,Premium,175,502.6040622268877,0.3768115942028985,0,0,2,Moderate Risk
89,54,Suburban,gold,48,4.38,Afternoon,Economy,24,74.78832688768996,0.6067415730337079,1,1,2,Moderate Risk
84,62,Urban,silver,52,4.61,Afternoon,Economy,29,126.23081147979764,0.7380952380952381,1,1,2,Low Risk
98,61,Urban,silver,91,4.28,Night,Economy,95,319.94237960548924,0.6224489795918368,0,0,2,Moderate Risk
95,25,Urban,gold,26,3.62,Morning,Economy,81,207.61291922267668,0.2631578947368421,1,1,2,Moderate Risk
79,29,Rural,silver,29,4.22,Night,Economy,99,304.74417790488224,0.3670886075949367,0,0,1,Moderate Risk
82,10,Urban,silver,97,4.43,Night,Economy,177,481.7658793191911,0.1219512195121951,0,0,2,Moderate Risk
87,5,Rural,gold,6,3.76,Evening,Economy,28,83.3353748167845,0.057471264367816,0,0,2,High Risk
83,35,Rural,gold,3,4.32,Night,Premium,116,513.6451022177532,0.4216867469879518,0,0,2,Moderate Risk
47,9,Rural,regular,5,4.81,Night,Premium,178,561.374877548703,0.1914893617021276,0,0,0,Moderate Risk
34,7,Urban,silver,54,4.71,Night,Premium,149,516.51117285383,0.2058823529411764,0,0,2,Low Risk
26,13,Rural,regular,14,4.19,Morning,Economy,174,666.4286805847338,0.5,1,1,0,Moderate Risk
88,7,Rural,gold,11,3.64,Night,Premium,130,573.2085393656391,0.0795454545454545,0,0,2,Moderate Risk
57,26,Rural,regular,92,3.8,Evening,Premium,67,283.7979251507492,0.4561403508771929,0,0,2,Moderate Risk
45,17,Rural,silver,67,4.7,Afternoon,Economy,15,66.78323718712389,0.3777777777777777,1,1,2,Low Risk
82,26,Urban,gold,35,4.71,Morning,Economy,114,289.2390324634591,0.3170731707317073,1,1,2,Low Risk
54,39,Rural,gold,88,4.59,Evening,Economy,42,147.42638660593482,0.7222222222222222,0,0,2,Low Risk
95,24,Suburban,gold,79,3.5,Afternoon,Economy,130,552.2304431046015,0.2526315789473684,1,1,2,Moderate Risk
63,31,Suburban,silver,2,3.81,Evening,Premium,160,632.5601419476765,0.492063492063492,0,0,1,High Risk
43,18,Urban,gold,58,4.22,Evening,Economy,156,494.7452574847764,0.4186046511627907,0,0,2,Moderate Risk
33,14,Suburban,regular,87,4.81,Evening,Premium,17,118.98653335805044,0.4242424242424242,0,0,2,Low Risk
33,23,Urban,gold,24,4.21,Morning,Premium,11,91.38952597435124,0.696969696969697,1,1,2,Moderate Risk
84,29,Urban,regular,92,4.55,Morning,Premium,94,424.1559867017463,0.3452380952380952,1,1,2,Low Risk
44,6,Suburban,gold,80,4.13,Night,Premium,40,157.36483032789283,0.1363636363636363,0,0,2,Moderate Risk
53,27,Suburban,regular,78,3.63,Night,Premium,58,279.09504825213924,0.5094339622641509,0,0,2,Moderate Risk
78,63,Rural,gold,14,4.21,Afternoon,Economy,147,655.065105532243,0.8076923076923077,1,1,2,Moderate Risk
